time,open,high,low,close,volume
2026-08-31T09:15:00+05:30,24120.75,24128.7,24040.9,24042.3,6437436
2026-08-31T09:16:00+05:30,24046.75,24061.6,24038.4,24056.55,4256607
2026-08-31T09:17:00+05:30,24056.8,24068.25,24050.25,24064.7,3758817
2026-08-31T09:18:00+05:30,24068.45,24068.45,24048.75,24058.05,2843208
2026-08-31T09:19:00+05:30,24060.3,24068.75,24055.55,24065.05,4126807
2026-08-31T09:20:00+05:30,24067.2,24084.2,24057.6,24082.3,2813351
2026-08-31T09:21:00+05:30,24085.1,24085.1,24069.55,24072.85,1707178
2026-08-31T09:22:00+05:30,24075.4,24083.6,24071.1,24075.35,1792752
2026-08-31T09:23:00+05:30,24077.45,24077.65,24070.65,24071.9,2204978
2026-08-31T09:24:00+05:30,24073.6,24073.75,24062.9,24066.7,2869999
2026-08-31T09:25:00+05:30,24068.8,24070.8,24061.75,24064.4,2415698
2026-08-31T09:26:00+05:30,24066.25,24066.25,24047.3,24049.2,2280616
2026-08-31T09:27:00+05:30,24050.4,24055.2,24039.45,24040.5,1892213
2026-08-31T09:28:00+05:30,24041.9,24046,24039.9,24041.95,2247690
2026-08-31T09:29:00+05:30,24043.75,24045.65,24036.2,24043.05,1415395
2026-08-31T09:30:00+05:30,24045.5,24050.1,24043.3,24047.2,1678186
2026-08-31T09:31:00+05:30,24047.9,24047.9,24039.8,24043.1,1591521
2026-08-31T09:32:00+05:30,24045.95,24064.5,24043.65,24060.05,1485474
2026-08-31T09:33:00+05:30,24061.95,24064.9,24056.9,24064.05,1681999
2026-08-31T09:34:00+05:30,24066.6,24067.4,24057.1,24057.55,1359186
2026-08-31T09:35:00+05:30,24060,24060,24050.35,24052,1134286
2026-08-31T09:36:00+05:30,24052.7,24056,24048.85,24053.7,993931
2026-08-31T09:37:00+05:30,24057.1,24059.45,24053.4,24059.4,1521219
2026-08-31T09:38:00+05:30,24060.6,24063,24048.4,24050.1,1232706
2026-08-31T09:39:00+05:30,24051.9,24051.9,24045.65,24046.9,736228
2026-08-31T09:40:00+05:30,24049.45,24049.75,24041.25,24048.65,1403254
2026-08-31T09:41:00+05:30,24050.5,24050.5,24040.55,24042.35,1024390
2026-08-31T09:42:00+05:30,24045.5,24045.5,24031.55,24033,909600
2026-08-31T09:43:00+05:30,24034.85,24035.05,24026.35,24028.6,1089337
2026-08-31T09:44:00+05:30,24030.4,24030.55,24024.25,24024.6,953057
2026-08-31T09:45:00+05:30,24026.65,24026.85,24019.55,24026.55,839751
2026-08-31T09:46:00+05:30,24028.3,24035.85,24026.9,24035.45,1308095
2026-08-31T09:47:00+05:30,24038.4,24038.4,24032.1,24036,1696123
2026-08-31T09:48:00+05:30,24037.3,24037.3,24024,24027.7,1465271
2026-08-31T09:49:00+05:30,24030.5,24030.5,24024.95,24026.2,757809
2026-08-31T09:50:00+05:30,24026.95,24033.9,24024.8,24029.4,783253
2026-08-31T09:51:00+05:30,24032.95,24036.15,24031.1,24033.5,1075641
2026-08-31T09:52:00+05:30,24035.7,24035.7,24023,24023.55,1459973
2026-08-31T09:53:00+05:30,24026.25,24030.05,24021.5,24026.4,1080098
2026-08-31T09:54:00+05:30,24027.9,24029.2,24021.95,24023.35,1051481
2026-08-31T09:55:00+05:30,24026.6,24026.6,24020.6,24020.85,1152425
2026-08-31T09:56:00+05:30,24023.9,24023.9,24013.15,24014.35,795287
2026-08-31T09:57:00+05:30,24015.8,24019.25,24013.25,24018.2,575643
2026-08-31T09:58:00+05:30,24020.05,24024.2,24018.5,24022.85,669242
2026-08-31T09:59:00+05:30,24024.85,24026.25,24019.9,24025.5,605526
2026-08-31T10:00:00+05:30,24027.65,24033.25,24026.55,24030.9,535902
2026-08-31T10:01:00+05:30,24032.65,24032.9,24025.45,24027.35,638735
2026-08-31T10:02:00+05:30,24029.1,24032,24026.65,24028.15,548014
2026-08-31T10:03:00+05:30,24030.85,24030.85,24023.4,24028,1576786
2026-08-31T10:04:00+05:30,24029.15,24033.75,24027.25,24032.7,594878
2026-08-31T10:05:00+05:30,24032.2,24040.3,24030.4,24040.3,992356
2026-08-31T10:06:00+05:30,24041.3,24042,24035.35,24040.2,1188240
2026-08-31T10:07:00+05:30,24042.7,24043.35,24038.75,24040.85,774148
2026-08-31T10:08:00+05:30,24041.4,24042.75,24037.8,24039.4,545670
2026-08-31T10:09:00+05:30,24041.25,24041.25,24028.35,24029.75,887126
2026-08-31T10:10:00+05:30,24032.15,24032.15,24016.3,24018.4,962769
2026-08-31T10:11:00+05:30,24021.75,24021.75,24013.1,24014.95,877218
2026-08-31T10:12:00+05:30,24018.1,24018.1,24009.8,24010.7,452138
2026-08-31T10:13:00+05:30,24013.05,24021.95,24010.8,24019.9,700107
2026-08-31T10:14:00+05:30,24021.9,24022.2,24016.05,24017.85,463461
2026-08-31T10:15:00+05:30,24018.7,24018.75,24015.5,24016.85,438325
2026-08-31T10:16:00+05:30,24019.4,24021.15,24014.3,24014.55,615910
2026-08-31T10:17:00+05:30,24017.25,24018.8,24012.8,24016.75,1165281
2026-08-31T10:18:00+05:30,24017.9,24018.9,24013.3,24014.9,494681
2026-08-31T10:19:00+05:30,24016.95,24016.95,24010.65,24012.15,796240
2026-08-31T10:20:00+05:30,24013.8,24013.8,24007.1,24007.95,517363
2026-08-31T10:21:00+05:30,24009.55,24011.1,24007.3,24009.85,419565
2026-08-31T10:22:00+05:30,24011.3,24015.45,24009.2,24014.5,999104
2026-08-31T10:23:00+05:30,24017.5,24017.5,24008.25,24008.95,652743
2026-08-31T10:24:00+05:30,24011.15,24011.15,24004.7,24009.5,587189
2026-08-31T10:25:00+05:30,24010.85,24011,24005.75,24010.7,595972
2026-08-31T10:26:00+05:30,24013.15,24023.65,24009.5,24023.65,704713
2026-08-31T10:27:00+05:30,24024.95,24027.75,24022.75,24027.5,406336
2026-08-31T10:28:00+05:30,24029.1,24033,24027.35,24031.35,393666
2026-08-31T10:29:00+05:30,24033.3,24033.3,24026.85,24028.85,413678
2026-08-31T10:30:00+05:30,24029.65,24032.1,24026.95,24028.6,378700
2026-08-31T10:31:00+05:30,24030.9,24030.9,24024.65,24026.1,493002
2026-08-31T10:32:00+05:30,24027.45,24029.4,24020.85,24021.3,435122
2026-08-31T10:33:00+05:30,24024.3,24024.3,24012.1,24013.05,437854
2026-08-31T10:34:00+05:30,24015.1,24015.1,24008.05,24008.05,897860
2026-08-31T10:35:00+05:30,24012,24012,24006.9,24009,511347
2026-08-31T10:36:00+05:30,24010.95,24010.95,24006,24007.2,536769
2026-08-31T10:37:00+05:30,24009.75,24009.75,24000,24002.95,460149
2026-08-31T10:38:00+05:30,24004.8,24004.8,23997.95,23999.9,452620
2026-08-31T10:39:00+05:30,24001.6,24007.85,23999.35,24002.1,688080
2026-08-31T10:40:00+05:30,24004.55,24005.8,23997.45,24001.45,517772
2026-08-31T10:41:00+05:30,24001.9,24003.4,23998.9,24002.6,563165
2026-08-31T10:42:00+05:30,24004.45,24004.6,23999.95,24001.8,579565
2026-08-31T10:43:00+05:30,24003.55,24011,24001.6,24009.7,714985
2026-08-31T10:44:00+05:30,24013.15,24013.15,24007.75,24010.65,864898
2026-08-31T10:45:00+05:30,24012.25,24015.25,24009.45,24011.1,452129
2026-08-31T10:46:00+05:30,24014.6,24014.6,24007.4,24007.75,885046
2026-08-31T10:47:00+05:30,24009.95,24012.5,24004.45,24006.2,319230
2026-08-31T10:48:00+05:30,24008.05,24009.3,24005.3,24007.5,349859
2026-08-31T10:49:00+05:30,24009.05,24009.9,24006.5,24007.05,583907
2026-08-31T10:50:00+05:30,24009.6,24009.8,24002.55,24003.45,542515
2026-08-31T10:51:00+05:30,24005.55,24005.55,23997.1,23998.75,644722
2026-08-31T10:52:00+05:30,24000.75,24003.55,23997.65,24001.9,443451
2026-08-31T10:53:00+05:30,24005.15,24006.7,24001.65,24006.4,591158
2026-08-31T10:54:00+05:30,24008.35,24010.35,24002.5,24003.8,586211
2026-08-31T10:55:00+05:30,24005.8,24005.8,24001.45,24005.6,535302
2026-08-31T10:56:00+05:30,24006.3,24006.75,24001.3,24004.7,565861
2026-08-31T10:57:00+05:30,24006.2,24012.25,24004.3,24007.25,879042
2026-08-31T10:58:00+05:30,24009.35,24012.95,24007.2,24012.45,390653
2026-08-31T10:59:00+05:30,24014.05,24015.8,24009.15,24010.3,795437
2026-08-31T11:00:00+05:30,24012.65,24015.95,24008.45,24014.85,735581
2026-08-31T11:01:00+05:30,24016.1,24017.2,24011.5,24013.45,625988
2026-08-31T11:02:00+05:30,24015.7,24016.8,24010.8,24012.65,823392
2026-08-31T11:03:00+05:30,24013.65,24013.65,24008.65,24009.8,412486
2026-08-31T11:04:00+05:30,24011.75,24012.85,24008.6,24011.4,536718
2026-08-31T11:05:00+05:30,24011.7,24014.1,24008.7,24009,412049
2026-08-31T11:06:00+05:30,24010.2,24010.55,24002.4,24004.15,547778
2026-08-31T11:07:00+05:30,24005.1,24005.45,23999,24002,770849
2026-08-31T11:08:00+05:30,24003.3,24004.3,23998.15,23999.1,432932
2026-08-31T11:09:00+05:30,24000.6,24000.6,23995.6,23997.45,479246
2026-08-31T11:10:00+05:30,23999.2,23999.45,23996.2,23998,471460
2026-08-31T11:11:00+05:30,23999.6,24001.7,23994.65,23994.9,511778
2026-08-31T11:12:00+05:30,23997.45,23997.45,23993.6,23995.7,361469
2026-08-31T11:13:00+05:30,23997,24000,23994.5,23995.6,498248
2026-08-31T11:14:00+05:30,23998.7,24002.7,23995.75,24001.6,466750
2026-08-31T11:15:00+05:30,24003.3,24006.35,24000.25,24002.6,413773
2026-08-31T11:16:00+05:30,24004.95,24007.6,24002.15,24004.7,583907
2026-08-31T11:17:00+05:30,24007.05,24007.05,24002.9,24006.45,919535
2026-08-31T11:18:00+05:30,24008.05,24009.35,24003.8,24004.6,349283
2026-08-31T11:19:00+05:30,24005.65,24007.4,24003.2,24004.15,573252
2026-08-31T11:20:00+05:30,24006.1,24006.85,24001.75,24004.8,394844
2026-08-31T11:21:00+05:30,24006.3,24006.3,24000.65,24003.95,505669
2026-08-31T11:22:00+05:30,24005.45,24009.55,24002.85,24007.75,433744
2026-08-31T11:23:00+05:30,24009.75,24009.9,24006.55,24007.35,319957
2026-08-31T11:24:00+05:30,24008.55,24008.55,24002.8,24002.95,490752
2026-08-31T11:25:00+05:30,24005.85,24005.85,24001.85,24003.95,482970
2026-08-31T11:26:00+05:30,24005.8,24005.8,24001.95,24002.3,587469
2026-08-31T11:27:00+05:30,24003.9,24005.95,24001.65,24005.55,332631
2026-08-31T11:28:00+05:30,24006.75,24008.4,24003.45,24003.75,552929
2026-08-31T11:29:00+05:30,24007,24010.85,24003.75,24009.75,836090
2026-08-31T11:30:00+05:30,24011.25,24016.55,24009.4,24014.85,475732
2026-08-31T11:31:00+05:30,24017.35,24018.15,24010.3,24010.4,490232
2026-08-31T11:32:00+05:30,24012.6,24014.95,24009.6,24012.7,425935
2026-08-31T11:33:00+05:30,24013.95,24013.95,24008.4,24010.4,390005
2026-08-31T11:34:00+05:30,24012.5,24018.9,24009.7,24014.5,594597
2026-08-31T11:35:00+05:30,24018.3,24021.8,24014.55,24019.75,544014
2026-08-31T11:36:00+05:30,24021.95,24026.7,24018.75,24019.6,955993
2026-08-31T11:37:00+05:30,24021.85,24022.65,24013.55,24015.55,549551
2026-08-31T11:38:00+05:30,24018,24023,24014.3,24019.55,491514
2026-08-31T11:39:00+05:30,24021.75,24021.75,24015.6,24017.85,420990
2026-08-31T11:40:00+05:30,24022.1,24022.85,24017.4,24020.3,378765
2026-08-31T11:41:00+05:30,24024.05,24025.8,24020.45,24022.9,406490
2026-08-31T11:42:00+05:30,24024.6,24028.7,24022.65,24026.6,388035
2026-08-31T11:43:00+05:30,24029.35,24031.35,24025.75,24026,581142
2026-08-31T11:44:00+05:30,24028.9,24028.9,24022.75,24024.85,1030460
2026-08-31T11:45:00+05:30,24027,24030.25,24025,24026.6,425013
2026-08-31T11:46:00+05:30,24030,24030,24024.95,24025.35,410233
2026-08-31T11:47:00+05:30,24027.85,24027.85,24018.8,24020.65,343667
2026-08-31T11:48:00+05:30,24022.7,24024.15,24018.8,24023.9,443961
2026-08-31T11:49:00+05:30,24026.3,24036.3,24025.4,24032.15,969573
2026-08-31T11:50:00+05:30,24033.9,24035.85,24030.6,24034.85,893285
2026-08-31T11:51:00+05:30,24038.15,24041.55,24032.25,24034.9,516519
2026-08-31T11:52:00+05:30,24037.15,24038.05,24033.25,24034.65,697260
2026-08-31T11:53:00+05:30,24037,24043.9,24033.85,24042.3,552280
2026-08-31T11:54:00+05:30,24045.1,24073.85,24041.5,24072.85,1275382
2026-08-31T11:55:00+05:30,24074.25,24076.05,24064.9,24074.85,697831
2026-08-31T11:56:00+05:30,24076.45,24088.7,24069.95,24083.75,848964
2026-08-31T11:57:00+05:30,24085.1,24085.15,24079.2,24082.95,727823
2026-08-31T11:58:00+05:30,24084.4,24084.4,24067.65,24068.25,581471
2026-08-31T11:59:00+05:30,24071.9,24071.9,24062.05,24063.9,571799
2026-08-31T12:00:00+05:30,24067,24068.85,24062.8,24065.1,519118
2026-08-31T12:01:00+05:30,24068.05,24068.05,24059.1,24059.85,1053214
2026-08-31T12:02:00+05:30,24062.8,24067.75,24059.45,24067.3,378198
2026-08-31T12:03:00+05:30,24068.75,24070.8,24062.05,24067.55,453459
2026-08-31T12:04:00+05:30,24070.55,24078.15,24066.75,24075.85,453260
2026-08-31T12:05:00+05:30,24078.7,24078.7,24066.35,24068.15,547898
2026-08-31T12:06:00+05:30,24070.7,24070.7,24064.75,24068.5,646886
2026-08-31T12:07:00+05:30,24070.65,24071.8,24066.7,24067.7,1034773
2026-08-31T12:08:00+05:30,24069.65,24069.65,24063.5,24064.85,1102124
2026-08-31T12:09:00+05:30,24066.75,24066.75,24061.45,24064.25,878771
2026-08-31T12:10:00+05:30,24066.95,24066.95,24060.05,24062.05,427147
2026-08-31T12:11:00+05:30,24063.75,24065.1,24060.65,24061.9,457712
2026-08-31T12:12:00+05:30,24063.35,24065.55,24059.45,24064.7,824450
2026-08-31T12:13:00+05:30,24066.7,24067.05,24061.35,24061.85,680988
2026-08-31T12:14:00+05:30,24064,24064,24053.5,24055.95,601837
2026-08-31T12:15:00+05:30,24057.75,24057.75,24052.45,24054.7,312098
2026-08-31T12:16:00+05:30,24057.7,24065.15,24055.75,24063.15,480193
2026-08-31T12:17:00+05:30,24066.2,24066.2,24062.15,24064.75,409846
2026-08-31T12:18:00+05:30,24065.65,24068.1,24063.35,24065.95,669996
2026-08-31T12:19:00+05:30,24070.1,24070.8,24065.95,24070.2,687185
2026-08-31T12:20:00+05:30,24071.9,24073.4,24068.6,24070,1201011
2026-08-31T12:21:00+05:30,24071.7,24074.05,24067.65,24072.55,389981
2026-08-31T12:22:00+05:30,24075.65,24080.2,24072.45,24075.9,996008
2026-08-31T12:23:00+05:30,24077.3,24077.3,24067.2,24067.65,556545
2026-08-31T12:24:00+05:30,24070.8,24070.8,24064.3,24065.3,725233
2026-08-31T12:25:00+05:30,24067.7,24068.55,24064.1,24066.15,548401
2026-08-31T12:26:00+05:30,24068.7,24069.6,24063.25,24064.65,475727
2026-08-31T12:27:00+05:30,24065.8,24066.15,24061.6,24064.2,390443
2026-08-31T12:28:00+05:30,24066.45,24066.75,24063.2,24064.15,871052
2026-08-31T12:29:00+05:30,24065.7,24070.1,24063.45,24064.2,551863
2026-08-31T12:30:00+05:30,24066.25,24066.25,24054.05,24060.45,1112234
2026-08-31T12:31:00+05:30,24062.6,24065.35,24060.55,24061.05,537743
2026-08-31T12:32:00+05:30,24064.25,24066.6,24061.05,24065.55,537527
2026-08-31T12:33:00+05:30,24067.4,24067.55,24062.3,24063.75,422339
2026-08-31T12:34:00+05:30,24065.4,24066.1,24056.25,24057,437207
2026-08-31T12:35:00+05:30,24061,24064.25,24057.35,24064,399908
2026-08-31T12:36:00+05:30,24065.85,24065.95,24062.75,24065.1,725225
2026-08-31T12:37:00+05:30,24066.7,24067.8,24062.85,24066.7,2158832
2026-08-31T12:38:00+05:30,24068.6,24072.2,24066.35,24070.45,554327
2026-08-31T12:39:00+05:30,24072.25,24072.25,24067.6,24071.4,400471
2026-08-31T12:40:00+05:30,24073,24075.8,24070.8,24072.85,857006
2026-08-31T12:41:00+05:30,24076,24079.35,24071.55,24077.95,498564
2026-08-31T12:42:00+05:30,24079.2,24079.2,24071.05,24072.2,390894
2026-08-31T12:43:00+05:30,24074.1,24074.1,24068.15,24070.15,367350
2026-08-31T12:44:00+05:30,24071.9,24075.4,24070.6,24073.95,344116
2026-08-31T12:45:00+05:30,24076.5,24076.5,24068.3,24068.9,519465
2026-08-31T12:46:00+05:30,24071.7,24071.7,24063.5,24064.15,679258
2026-08-31T12:47:00+05:30,24065.65,24068.65,24062.15,24065.75,452788
2026-08-31T12:48:00+05:30,24068.05,24068.05,24063.8,24065.35,426755
2026-08-31T12:49:00+05:30,24067.45,24069.8,24064.75,24067.8,583077
2026-08-31T12:50:00+05:30,24070.6,24072.85,24066.4,24071.45,777487
2026-08-31T12:51:00+05:30,24073.45,24074.65,24069.55,24071.3,868265
2026-08-31T12:52:00+05:30,24074.1,24074.15,24070.15,24071.95,498774
2026-08-31T12:53:00+05:30,24074.45,24074.9,24070.55,24070.95,304814
2026-08-31T12:54:00+05:30,24073.4,24078.45,24070.85,24077.6,470309
2026-08-31T12:55:00+05:30,24079.05,24079.05,24069.15,24071.2,597548
2026-08-31T12:56:00+05:30,24072.75,24075.7,24070.65,24073.6,578334
2026-08-31T12:57:00+05:30,24075.05,24075.05,24064.4,24067.25,1244258
2026-08-31T12:58:00+05:30,24069.1,24069.35,24064.15,24067.6,476762
2026-08-31T12:59:00+05:30,24069.5,24069.8,24062.15,24062.15,564030
2026-08-31T13:00:00+05:30,24064.85,24067.4,24059.3,24061.95,684603
2026-08-31T13:01:00+05:30,24063.8,24069.35,24057.4,24068.8,958570
2026-08-31T13:02:00+05:30,24067.85,24069.9,24063.75,24064.95,429692
2026-08-31T13:03:00+05:30,24067.15,24072.35,24063.55,24067,411104
2026-08-31T13:04:00+05:30,24070.15,24071.3,24066.85,24068.6,370581
2026-08-31T13:05:00+05:30,24071.45,24071.45,24066.25,24069.5,364500
2026-08-31T13:06:00+05:30,24070.75,24070.75,24064.8,24065.95,349903
2026-08-31T13:07:00+05:30,24067.75,24068,24063.1,24065,357346
2026-08-31T13:08:00+05:30,24068,24068,24061.75,24063.75,466673
2026-08-31T13:09:00+05:30,24066.2,24066.2,24058,24060.85,408593
2026-08-31T13:10:00+05:30,24062.65,24065.1,24057.55,24062.3,969299
2026-08-31T13:11:00+05:30,24063.9,24069.25,24060.4,24062.8,697904
2026-08-31T13:12:00+05:30,24065.55,24067,24062.55,24066.5,474825
2026-08-31T13:13:00+05:30,24067.35,24072.3,24063.85,24069.85,494076
2026-08-31T13:14:00+05:30,24074.1,24076.8,24069.45,24074.15,501103
2026-08-31T13:15:00+05:30,24076,24076,24070.05,24070.45,706375
2026-08-31T13:16:00+05:30,24072.2,24072.4,24068.35,24069.15,434654
2026-08-31T13:17:00+05:30,24070.75,24071.15,24066.35,24067,371851
2026-08-31T13:18:00+05:30,24069.6,24070.2,24064.75,24068.7,389729
2026-08-31T13:19:00+05:30,24071.4,24071.4,24065.3,24066,389604
2026-08-31T13:20:00+05:30,24067.75,24068.45,24064.55,24065.25,509951
2026-08-31T13:21:00+05:30,24067.55,24068.3,24065.3,24067.45,324394
2026-08-31T13:22:00+05:30,24068.6,24070,24063,24063.5,495705
2026-08-31T13:23:00+05:30,24065.2,24070.15,24063.9,24066.05,586775
2026-08-31T13:24:00+05:30,24067.8,24068.5,24064.55,24065,473584
2026-08-31T13:25:00+05:30,24067.8,24069.7,24065.25,24068.15,581461
2026-08-31T13:26:00+05:30,24069.75,24070,24065.95,24067.85,961486
2026-08-31T13:27:00+05:30,24069.75,24076.15,24065.65,24071.05,1827618
2026-08-31T13:28:00+05:30,24071.85,24072.05,24064,24065.05,1615543
2026-08-31T13:29:00+05:30,24066.75,24067.3,24063.1,24067.05,530989
2026-08-31T13:30:00+05:30,24069.1,24069.1,24064.7,24066.35,366466
2026-08-31T13:31:00+05:30,24068.85,24070.35,24062.85,24067.2,912346
2026-08-31T13:32:00+05:30,24068.5,24073.1,24065.25,24071.2,590288
2026-08-31T13:33:00+05:30,24073.65,24073.65,24068.1,24070.6,647719
2026-08-31T13:34:00+05:30,24073.7,24073.7,24068.65,24069.85,760183
2026-08-31T13:35:00+05:30,24071.2,24072.2,24066.95,24067.85,674020
2026-08-31T13:36:00+05:30,24069.65,24069.65,24062.85,24063.7,547105
2026-08-31T13:37:00+05:30,24067.55,24067.55,24058.85,24064,682016
2026-08-31T13:38:00+05:30,24065.45,24069.75,24062.3,24065.6,533892
2026-08-31T13:39:00+05:30,24067.8,24067.8,24059.5,24061.8,512698
2026-08-31T13:40:00+05:30,24063.65,24067,24059.8,24063.35,442196
2026-08-31T13:41:00+05:30,24065.5,24065.5,24058,24060.6,926809
2026-08-31T13:42:00+05:30,24063.85,24063.85,24058.55,24059.8,604535
2026-08-31T13:43:00+05:30,24061.9,24062,24053.65,24055.35,811683
2026-08-31T13:44:00+05:30,24056.8,24061.15,24054.25,24055.05,767350
2026-08-31T13:45:00+05:30,24058.15,24061.35,24054.6,24057.9,842308
2026-08-31T13:46:00+05:30,24059.65,24060.6,24055.35,24055.5,590131
2026-08-31T13:47:00+05:30,24058.25,24060.55,24054.9,24056.8,593767
2026-08-31T13:48:00+05:30,24058.75,24064.05,24056.85,24061.8,571494
2026-08-31T13:49:00+05:30,24064.35,24066.75,24061.85,24064.65,605267
2026-08-31T13:50:00+05:30,24065.7,24066.65,24062,24063.4,538986
2026-08-31T13:51:00+05:30,24066.75,24067.15,24061.5,24062.05,831413
2026-08-31T13:52:00+05:30,24064,24065.55,24061.05,24061.35,410750
2026-08-31T13:53:00+05:30,24063.05,24065,24056.65,24057.55,764314
2026-08-31T13:54:00+05:30,24060.15,24062.65,24056.5,24058.25,435054
2026-08-31T13:55:00+05:30,24060.1,24060.1,24052.65,24053.15,454296
2026-08-31T13:56:00+05:30,24055.55,24055.55,24050,24054.45,761626
2026-08-31T13:57:00+05:30,24056.1,24056.1,24050.25,24051.9,941052
2026-08-31T13:58:00+05:30,24053.55,24054.35,24050.35,24051.7,373301
2026-08-31T13:59:00+05:30,24053.95,24053.95,24043.2,24047.05,1068380
2026-08-31T14:00:00+05:30,24049.05,24049.05,24039.5,24046.9,748653
2026-08-31T14:01:00+05:30,24049.1,24050.7,24041.1,24044.7,2539188
2026-08-31T14:02:00+05:30,24047.75,24047.75,24042.25,24042.75,1103102
2026-08-31T14:03:00+05:30,24045.65,24047.2,24036.8,24037.35,851403
2026-08-31T14:04:00+05:30,24039.75,24039.75,24031.9,24033.55,886993
2026-08-31T14:05:00+05:30,24036.45,24036.7,24025,24025,848944
2026-08-31T14:06:00+05:30,24027.85,24034.5,24024.8,24033.15,1325164
2026-08-31T14:07:00+05:30,24036.35,24043.3,24030.4,24039.75,964968
2026-08-31T14:08:00+05:30,24043.3,24043.3,24034.45,24037.1,1073564
2026-08-31T14:09:00+05:30,24038.75,24039,24029.95,24031.7,713010
2026-08-31T14:10:00+05:30,24034.9,24039.1,24031.6,24036.4,466922
2026-08-31T14:11:00+05:30,24037.55,24037.55,24029.1,24030.55,578519
2026-08-31T14:12:00+05:30,24033.85,24033.85,24029.95,24031.25,681027
2026-08-31T14:13:00+05:30,24033.6,24034.7,24030.7,24031.95,566156
2026-08-31T14:14:00+05:30,24033,24034.6,24029.25,24031.55,536008
2026-08-31T14:15:00+05:30,24033.5,24034.1,24029.5,24032.55,658400
2026-08-31T14:16:00+05:30,24034.65,24036,24027,24034.95,1626227
2026-08-31T14:17:00+05:30,24038,24040.25,24033.6,24033.6,1894368
2026-08-31T14:18:00+05:30,24036.35,24037.75,24032.6,24034.05,771808
2026-08-31T14:19:00+05:30,24036.9,24037.6,24030.35,24034.55,1308551
2026-08-31T14:20:00+05:30,24036.05,24036.05,24026.8,24027.75,1052298
2026-08-31T14:21:00+05:30,24029.25,24032.1,24026.15,24029.85,845815
2026-08-31T14:22:00+05:30,24030.9,24032.15,24024.45,24025.05,931379
2026-08-31T14:23:00+05:30,24027.65,24027.65,24020.9,24023.45,1150601
2026-08-31T14:24:00+05:30,24026.1,24029.85,24022.2,24024.75,987105
2026-08-31T14:25:00+05:30,24027.95,24032.9,24023.35,24024.55,1546578
2026-08-31T14:26:00+05:30,24027.9,24030.9,24025.5,24027.6,783018
2026-08-31T14:27:00+05:30,24030.05,24030.05,24023.9,24025.35,852902
2026-08-31T14:28:00+05:30,24027.5,24029.2,24020.6,24024.25,769224
2026-08-31T14:29:00+05:30,24025.75,24028.85,24021.05,24022.2,848501
2026-08-31T14:30:00+05:30,24023.85,24028.55,24020.5,24026.15,683453
2026-08-31T14:31:00+05:30,24027.75,24032.05,24025.55,24030.65,778877
2026-08-31T14:32:00+05:30,24032.9,24035.35,24031.05,24031.75,979459
2026-08-31T14:33:00+05:30,24033.2,24034.9,24030.05,24030.25,756668
2026-08-31T14:34:00+05:30,24032.15,24033.95,24026.65,24033.75,652930
2026-08-31T14:35:00+05:30,24035.3,24037.8,24031.9,24034.25,731139
2026-08-31T14:36:00+05:30,24036.55,24037.15,24030.85,24031.75,730677
2026-08-31T14:37:00+05:30,24034.05,24036.95,24031.25,24035.8,887724
2026-08-31T14:38:00+05:30,24037.7,24038.05,24033.5,24036.5,639951
2026-08-31T14:39:00+05:30,24037.85,24046.6,24036.85,24044.65,866228
2026-08-31T14:40:00+05:30,24045,24054.05,24045,24053.65,1053591
2026-08-31T14:41:00+05:30,24054.1,24055.1,24050.9,24052.05,784060
2026-08-31T14:42:00+05:30,24053.2,24063.6,24051.4,24059.35,1290794
2026-08-31T14:43:00+05:30,24060.9,24061.45,24055.75,24056.45,743700
2026-08-31T14:44:00+05:30,24057.65,24061.05,24052.55,24054.1,1563315
2026-08-31T14:45:00+05:30,24056.15,24074.1,24055.4,24073.15,1728769
2026-08-31T14:46:00+05:30,24075.95,24114,24072.45,24110.9,4189811
2026-08-31T14:47:00+05:30,24112.5,24112.5,24084.4,24087.9,1672208
2026-08-31T14:48:00+05:30,24088.45,24088.45,24073.05,24081.95,1577897
2026-08-31T14:49:00+05:30,24082.75,24082.75,24074.5,24077.1,1048115
2026-08-31T14:50:00+05:30,24077.25,24085.35,24075.6,24080.7,1830426
2026-08-31T14:51:00+05:30,24080.25,24084.85,24079.3,24082.05,1303022
2026-08-31T14:52:00+05:30,24083.15,24092,24081.95,24087.45,2200086
2026-08-31T14:53:00+05:30,24086.65,24094,24084.7,24091.1,3722249
2026-08-31T14:54:00+05:30,24092.25,24096.55,24088.65,24094.45,1659366
2026-08-31T14:55:00+05:30,24095.05,24096.15,24089.75,24093.6,1583838
2026-08-31T14:56:00+05:30,24093.1,24093.1,24081.15,24084.45,1786746
2026-08-31T14:57:00+05:30,24083.8,24085.95,24077.85,24079.45,1987516
2026-08-31T14:58:00+05:30,24081.6,24081.6,24072.4,24074.25,1623945
2026-08-31T14:59:00+05:30,24074.2,24078,24069.7,24075.2,2005636
2026-08-31T15:00:00+05:30,24074.95,24074.95,24057.2,24067.45,4742203
2026-08-31T15:01:00+05:30,24066.25,24073.5,24065.05,24070.15,4378627
2026-08-31T15:02:00+05:30,24070.2,24073.45,24066.1,24069.35,3154809
2026-08-31T15:03:00+05:30,24070.15,24071.05,24058.6,24060.85,3401986
2026-08-31T15:04:00+05:30,24060.8,24061.45,24054.25,24057.6,3569204
2026-08-31T15:05:00+05:30,24056.7,24058.6,24046.25,24052.9,4749302
2026-08-31T15:06:00+05:30,24050.75,24060.85,24050.15,24060.2,4163141
2026-08-31T15:07:00+05:30,24059.2,24063.65,24057.45,24059.4,3774991
2026-08-31T15:08:00+05:30,24060.7,24067.65,24057.55,24064.95,3980288
2026-08-31T15:09:00+05:30,24066,24070.5,24061.85,24068.1,6662654
2026-08-31T15:10:00+05:30,24068.3,24069.8,24058,24059.65,6411126
2026-08-31T15:11:00+05:30,24059.05,24067.35,24056.7,24060.25,8081899
2026-08-31T15:12:00+05:30,24059.65,24064.2,24053.55,24057.6,8120347
2026-08-31T15:13:00+05:30,24057.3,24061.1,24053.2,24057.3,4427101
2026-08-31T15:14:00+05:30,24056.9,24069.25,24044.65,24051.95,3164100
2026-08-31T15:15:00+05:30,24050.25,24050.25,24050.25,24050.25,17119
2026-08-31T15:29:00+05:30,24080.4,24080.4,24080.4,24080.4,17119
