time,open,high,low,close,volume,oi
2026-09-01T09:15:00+05:30,24200,24215,24151.2,24164,571415,15840695
2026-09-01T10:15:00+05:30,24164,24248.7,24163.8,24244.1,385450,15828410
2026-09-01T11:15:00+05:30,24244.1,24296.1,24244.1,24260.8,334230,15699905
2026-09-01T12:15:00+05:30,24260.8,24266.2,24186,24188.1,236340,15763800
2026-09-01T13:15:00+05:30,24188.1,24198.9,24067,24078.7,1021020,16088020
2026-09-01T14:15:00+05:30,24078.7,24116,24064,24083.2,778245,16238365
2026-09-01T15:15:00+05:30,24083.2,24114,24076.5,24081,386165,16271450
2026-09-02T09:15:00+05:30,24000,24000,23940,23980,1330550,16496805
2026-09-02T10:15:00+05:30,23975,24028.5,23961,23968,414895,16568500
2026-09-02T11:15:00+05:30,23968,23983.9,23942.4,23980.9,425685,16826290
2026-09-02T12:15:00+05:30,23980.9,24019.9,23955,24015.5,251615,16674580
2026-09-02T13:15:00+05:30,24015.5,24040,23980,24022.1,485810,16668470
2026-09-02T14:15:00+05:30,24022.1,24049,23985.3,24007.3,403845,16701165
2026-09-02T15:15:00+05:30,24007.3,24009.5,23990,23994.8,257920,16733015
2026-09-03T09:15:00+05:30,24085,24148,24075.6,24129,703625,16468855
2026-09-03T10:15:00+05:30,24129,24130.5,24036,24040,334620,16514030
2026-09-03T11:15:00+05:30,24041,24098.7,24035.3,24047.1,209300,16568305
2026-09-03T12:15:00+05:30,24047.1,24050,24017,24040.9,349570,16752840
2026-09-03T13:15:00+05:30,24038.9,24059,24009.7,24030,197470,16828240
2026-09-03T14:15:00+05:30,24034.4,24045.9,23996.3,24020,426660,17097080
2026-09-03T15:15:00+05:30,24020,24021,23971.1,23974.8,224315,17090840
2026-09-04T09:15:00+05:30,24041,24090.2,24025,24064,628485,17020315
2026-09-04T10:15:00+05:30,24064,24099,24056.3,24087.8,213980,16969810
2026-09-04T11:15:00+05:30,24087.8,24120,24075,24080,323505,16866655
2026-09-04T12:15:00+05:30,24080,24080.4,24050,24077.3,203840,16904875
2026-09-04T13:15:00+05:30,24077.3,24087,24056.9,24075,89440,16927300
2026-09-04T14:15:00+05:30,24075,24090,24052.3,24059.9,171470,16955250
2026-09-04T15:15:00+05:30,24059.9,24070.7,24034.4,24048,201305,16957720
2026-09-07T09:15:00+05:30,24000,24000,23916.8,23916.8,528255,17014985
2026-09-07T10:15:00+05:30,23916.8,23920,23880.6,23888,510770,17200300
2026-09-07T11:15:00+05:30,23888,23916.3,23875,23907,223925,17284475
2026-09-07T12:15:00+05:30,23907,23911.5,23861,23885,317915,17467840
2026-09-07T13:15:00+05:30,23885,23923.5,23875,23912,198315,17509245
2026-09-07T14:15:00+05:30,23912,23915.2,23870.2,23880,279890,17595175
2026-09-07T15:15:00+05:30,23880,23880,23855,23865,237770,17640935
2026-09-08T09:15:00+05:30,23828,23830,23765,23812,724360,17631705
2026-09-08T10:15:00+05:30,23812,23823.7,23765,23777,239330,17706000
2026-09-08T11:15:00+05:30,23782,23788.4,23736.6,23752.5,339690,17840745
2026-09-08T12:15:00+05:30,23752.5,23783.3,23745,23752.7,165165,17899635
2026-09-08T13:15:00+05:30,23752.7,23766.2,23725,23745,198575,17942860
2026-09-08T14:15:00+05:30,23745,23764.9,23736.3,23753.4,233545,17924465
2026-09-08T15:15:00+05:30,23753.4,23760,23731.8,23744.1,270010,17886635
