id,sev,group,class,summary,disposition,card,tests,evidence
C01-001,P2,G01_core_a_build,CONFIRMED DEFECT (latent),core/types/units.hpp:350-372 · `round_to_tick` can hit signed overflow (UB) in `quot * t` at the int64 extremes instead of returning `Overflow`,FIXED_TESTED,CX02-D1,types (test_units_round_to_tick),"Same change: signed overflow at the int64 extremes is now a refusal instead of undefined behaviour. My first test expectation was itself wrong (int64 max is 2 mod 5, so Nearest rounds DOWN) and was corrected to a tick where Nearest genuinely steps past the top."
C01-002,P3,G01_core_a_build,"CONFIRMED DEFECT (latent, MSVC)","core/types/units.hpp:322-328 · `apply_bps` range guard rounds to 2^63 when long double is 64-bit, so the cast of exactly 2^63 is UB",UNTRIAGED,,,
C01-003,P3,G01_core_a_build,"CONFIRMED DEFECT (derived, latent)","core/types/units.hpp:407-421, 429-443 · `price_from_rupees` / `notional_from_rupees` reject valid paise values at or above ~Rs 1.31 lakh (a 1e-9 tolerance is smaller than one ulp)",UNTRIAGED,,,
C01-004,P2,G01_core_a_build,CONFIRMED DEFECT (latent),"core/mem/pool.hpp:105-118; implicit copy · Releasing an owned block twice makes the free list self-loop, so the same block is handed out twice, and `in_use_` underflows. Pool and Arena are copyable, which aliases the allocator",FIXED_TESTED,CX02-D2,arena_pool (both tests above),"Double release no longer self-loops the free list; the implicit copy that aliased the allocator is deleted. The first implementation made release() O(n) on the hot path -- the existing 1,000,000-pair benchmark timed out at 600 s and caught it; acquire() now clears the free tag in one store and the suite runs in 213.87 s."
C01-005,P3,G01_core_a_build,CONFIRMED (test gap),"core/mem/tests/test_arena_pool.cpp:307-308, 328-329 · Latency budgets only print OK/OVER and never fail; latency_gate is not used",UNTRIAGED,,,
C01-006,P2,G01_core_a_build,DESIGN GAP,"core/time/exchange_ts.hpp:199-228 · PlausibilityGate has no staleness bound, so a tick far behind `local_now` is admitted as fresh",UNTRIAGED,,,
C01-007,P3,G01_core_a_build,CONFIRMED DEFECT,"core/time/exchange_ts.hpp:192, 209, 215-226 · Unchecked `local_now + max_future_skew`, no Config validation; one future tick poisons the monotonic watermark",UNTRIAGED,,,
C01-008,P3,G01_core_a_build,HYPOTHESIS,"core/time/tsc_clock.cpp:229-287, 323-326 · TscClock anchors once and never re-anchors; accepted calibration error up to 0.1% can mean seconds of drift in `now()` over a session",UNTRIAGED,,,
C01-009,P3,G01_core_a_build,CONFIRMED DEFECT,"core/time/tsc_clock.cpp:296, 328-339 · The fallback clock stores a tick quantum as a ratio stderr, so `uncertainty_of` reports 100% relative error",UNTRIAGED,,,
C01-010,P3,G01_core_a_build,HYPOTHESIS,"core/time/tsc_clock.cpp:316-326 · A backwards TSC delta wraps unsigned, giving a ~195-year Duration with no guard",UNTRIAGED,,,
C01-011,P3,G01_core_a_build,DESIGN GAP,"CMakeLists.txt:47-69, 93-115; CMakePresets.json:49-57 · Warnings are not errors (gate 1 not enforced); the ""Address/UB"" preset has no UB checks on MSVC",UNTRIAGED,,,
C01-012,P3,G01_core_a_build,DESIGN GAP,CMakeLists.txt:51-52 · `/GS-` turns off stack cookies in the shipped RelWithDebInfo/Release binary,UNTRIAGED,,,
C01-013,P3,G01_core_a_build,DESIGN GAP,".gitignore:41-46, 99-129 · `data/` is protected file by file, not as a directory; new operational or credential files there are committable",UNTRIAGED,,,
C01-014,P3,G01_core_a_build,DESIGN GAP,"cmake/BoundsAudit.cmake:67-68, 124-147; NamespaceAudit.cmake:46-64; AtlasAudit.cmake:25-120 · The configure-time audits catch far less than a ""clean"" message suggests",UNTRIAGED,,,
C01-015,P3,G01_core_a_build,DESIGN GAP / CONFIRMED,"core/types/units.hpp:112-138, 262-270 · Same-dimension StrongInt arithmetic is unchecked (UB); `qty_of` accepts LotSize 0 but `lots_of` refuses it",UNTRIAGED,,,
C02-001,P2,G02_core_b,DESIGN GAP,"core/invariant/conservation.hpp:182-187, 207-208, 222-223 · The conservation check is true by construction and cannot trip on any accounting error; a refused fill is not latched",UNTRIAGED,,,
C02-002,P2,G02_core_b,CONFIRMED DEFECT (language-level UB); impact HYPOTHESIS,"core/lockfree/seqlock.hpp:52, 71 · Seqlock payload is written and read concurrently as a plain object, which is a data race (E003)",FIXED_TESTED,CX02-C1b,mpsc_ring; snapshot_slots 1-6,"Removed SeqlockSnapshot and the test/benchmark that exercised its plain concurrent copy. ConfigStore uses SnapshotSlots; its deterministic publication interleaving tests pass. Source scan found no remaining type/header references. Not TSan evidence."
C02-003,P3,G02_core_b,HYPOTHESIS,"seqlock.hpp:87-92; core/config/store.hpp:57-59 · Unbounded busy-spin with no pause, yield or deadline on an ALTAIR_HOT path",FIXED_TESTED,CX02-C1b,snapshot_slots 2; config,"Removed SeqlockSnapshot::load() and its unbounded spin. SnapshotSlots refuses a contended read after its fixed retry bound; the named contention test and config tests pass. No Linux TSan evidence."
C02-004,P2,G02_core_b,CONFIRMED DEFECT,"core/config/store.hpp:37-44, 53 · publish() does not enforce a rising version, so readers silently keep stale or empty config",FIXED_TESTED,CX02-C1,config (test_config_store_publish_and_refresh),"ConfigStore::publish refuses a version that does not rise (ConfigStoreError::StaleVersion) and counts it; republished version 2 with different content, a lower version, and a version-0 snapshot on a fresh store are all refused. ctest_cx-net_C1.log 140/140."
C02-005,P2,G02_core_b,DESIGN GAP,"core/config/config.hpp:75-92, 261-266 · ConfigHandle is a bare index; after a refresh it silently reads a different key",UNTRIAGED,,,
C02-006,P2,G02_core_b,DESIGN GAP,"5 test files, 10 sites (see detail) · Latency budgets print OVER and never fail ctest (E005, extended)",UNTRIAGED,,,
C02-007,P3,G02_core_b,"CONFIRMED DEFECT (latent, tests-only)","core/lockfree/mpsc_ring.hpp:74-87, 94-103 · A producer stalled between reservation and publish blocks the consumer and fills the ring; the ""lock-free"" claim is overstated (E004)",UNTRIAGED,,,
C02-008,P3,G02_core_b,CONFIRMED DEFECT,"core/config/toml_source.cpp:24-41, 51-82; config.hpp:281-286 · Distinct TOML keys can flatten to the same key and silently overwrite; every set error is reported as SnapshotFull",UNTRIAGED,,,
C02-009,P3,G02_core_b,CONFIRMED DEFECT,"toml_source.cpp:101-109, 166-168, 189-206 · Loader leaves a partial load behind on error; a short file read is parsed as success",UNTRIAGED,,,
C02-010,P3,G02_core_b,DESIGN GAP / latent defect,"core/log/decoder.hpp:149-151, 213-215, 33-38; binlog.hpp:135-138, 248-254 · Decoder trusts arg_count (out-of-bounds read); text truncation is silent; log drops and invalid site ids are never shown in the binary",UNTRIAGED,,,
C02-011,P3,G02_core_b,CONFIRMED DEFECT,conservation.hpp:23-25; CMakeLists.txt:71-73 · The ALTAIR_STRICT_INVARIANTS `#error` guard cannot fire for the drift it claims to stop,FIXED_TESTED,CX02-E5,"Release strict-off negative build","CMakeLists.txt now explicitly defines ALTAIR_STRICT_INVARIANTS=0 when OFF; Release compile reaches the intended conservation.hpp #error unless the explicit unchecked-ledger override is supplied."
C03-001,P2,G03_feed_book,CONFIRMED DEFECT (latent),"Stale-flagged depth gets a fresh seq from Normaliser, L2Book accepts it and `is_tradable` still says true",UNTRIAGED,,,
C03-002,P2,G03_feed_book,DESIGN GAP,"Normaliser, gate, failover, L2Book and TickStoreReader are built but not connected. Live executables publish raw decoder output",UNTRIAGED,,,
C03-003,P2,G03_feed_book,CONFIRMED DEFECT (integration),"The only tick-store writer drops every DepthUpdate, ignores write errors and stamps the wrong session_date",UNTRIAGED,,,
C03-004,P2,G03_feed_book,DESIGN GAP,"Tick-store format cannot resolve InstrumentId, truncates on reopen, reports a read error as clean EOF, and cannot see a torn record mid-file",UNTRIAGED,,,
C03-005,P2,G03_feed_book,CONFIRMED DEFECT (latent),`bid_levels`/`ask_levels` are not validated against kDepthLevels. Consumers read past the level arrays,FIXED_TESTED,CX02-D3,book/l2_book; book/microstructure (malformed_depth_counts_are_rejected; malformed_book_counts_are_unusable),"L2Book refuses >5 counts without changing stored state; direct BookState accessors/analytics reject malformed counts; microstructure's sum guard is independent. `l2_book` and `microstructure` pass 2/2. feed/normaliser-level validation remains deferred; raw DepthUpdate best-level accessor reads only slot 0 and is memory-safe but does not validate the count."
C03-006,P3,G03_feed_book,CONFIRMED DEFECT,`classify_trade` classifies against a crossed book. The test that claims otherwise passes by coincidence,UNTRIAGED,,,
C03-007,P2,G03_feed_book,CONFIRMED DEFECT (latent),Watchdog samples health only at poll(). Outages between polls are invisible and the failback stability window is defeated,UNTRIAGED,,,
C03-008,P3,G03_feed_book,DESIGN GAP / doc contradiction,"Unknown+Unknown reports NoneHealthy, contradicting D2 and the enum comments. The pre-session count pollutes `none_healthy`",UNTRIAGED,,,
C03-009,P3,G03_feed_book,CONFIRMED DEFECT,ShortFrame after a partial decode loses the ticks already decoded and leaves a seq gap. Trailing bytes are never checked,UNTRIAGED,,,
C03-010,P3,G03_feed_book,CONFIRMED DEFECT (rule 11),"Vpin config clamps silently, toward fewer buckets. A zero bucket_volume discards trades uncounted. The hot loop is unbounded",UNTRIAGED,,,
C03-011,P3,G03_feed_book,"CONFIRMED DEFECT (rule 11, minor)",Normaliser skips its ordering guard for id >= kMaxInstruments without a counter. The standby-gating comment is false,UNTRIAGED,,,
C03-012,P2,G03_feed_book,DESIGN GAP (cross-group),"price_service pads the shorter book side with zero-price levels, which undoes DepthUpdate D6",UNTRIAGED,,,
C03-013,P3,G03_feed_book,DESIGN GAP,L2Book seq and Normaliser seq have no session epoch. `reset_session` without `L2Book::clear` rejects every update,UNTRIAGED,,,
C03-014,P3,G03_feed_book,DESIGN GAP,Kyle lambda and VPIN give no error bar. Session accumulators have no window and no Kahan summation,UNTRIAGED,,,
C03-015,P3,G03_feed_book,TEST HYGIENE,"Tick-store test writes a fixed-name file in CWD, depends on a missing file being absent, and never checks fopen",UNTRIAGED,,,
C04-001,P2,G04_instruments_research,DESIGN GAP,The live binaries register placeholder specs; no production path fills SpecStore from masters,UNTRIAGED,,,
C04-002,P2,G04_instruments_research,DESIGN GAP,Point-in-time spec history cannot be represented (one window per token),UNTRIAGED,,,
C04-003,P2,G04_instruments_research,DESIGN GAP,"Snapshot policy is inert without an expiry calendar, and loaders cannot stamp `stale`",UNTRIAGED,,,
C04-004,P2,G04_instruments_research,CONFIRMED DEFECT,"ingest_bars.py discards the exchange, so NSE and BSE exports merge into one dataset path",UNTRIAGED,,,
C04-005,P2,G04_instruments_research,DESIGN GAP,"The two-source identity (Kite, Xts) is hard-wired beyond `kFeedSourceCount`; a naive FYERS enum append compiles and misbehaves",UNTRIAGED,,,
C04-006,P3,G04_instruments_research,CONFIRMED DEFECT,load_mktlots reads past `hf[64]` when a header has more than 64 fields,UNTRIAGED,,,
C04-007,P3,G04_instruments_research,CONFIRMED DEFECT (partial fix),"Underlying truncation is counted but never surfaced, and the truncated key silently merges contracts in the Reconciler",UNTRIAGED,,,
C04-008,P3,G04_instruments_research,CONFIRMED DEFECT,"Kite lot, tick and token values are not validated (fractional lot truncates; zero or negative accepted); zero merges unblocked",UNTRIAGED,,,
C04-009,P3,G04_instruments_research,DESIGN GAP,"Kite parser ignores the `segment` column: INDICES rows become Cash specs, and CDS/BCD rows get price_scale 100",UNTRIAGED,,,
C04-010,P3,G04_instruments_research,DESIGN GAP,"`ContractSpec::expiry` holds the IST midnight of the expiry date but is documented as the ""expiry instant""",UNTRIAGED,,,
C04-011,P3,G04_instruments_research,DESIGN GAP,`primary_source_seen` is global across exchange and segment; the EQUITY_L and fo_mktlots primaries are not connected,UNTRIAGED,,,
C04-012,P3,G04_instruments_research,DESIGN GAP,"Silent drops in parsers: mktlots over-long SYMBOL and bad cells, Kite in-quote commas, extra fields",UNTRIAGED,,,
C04-013,P3,G04_instruments_research,CONFIRMED DEFECT,"`ResearchRegistry::specify` has no status guard, so a Rejected paper resets to Specified and the trial count drops",UNTRIAGED,,,
C04-014,P3,G04_instruments_research,CONFIRMED DEFECT,"`emit_scaffold` silently truncates when 512 <= cap < output length, returning success without `#error`",UNTRIAGED,,,
C04-015,P3,G04_instruments_research,CONFIRMED DEFECT (doc/test units),Deflated Sharpe fed an annualised Sharpe against a per-observation T (gate 8),UNTRIAGED,,,
C04-016,P3,G04_instruments_research,DESIGN GAP,Replication and promotion evidence is not bound to the run; the gate uses a point estimate,UNTRIAGED,,,
C04-017,P3,G04_instruments_research,DESIGN GAP / HYPOTHESIS,"ingest_bars.py: unvalidated `time` keys, non-atomic overwrite, partial bars accepted",UNTRIAGED,,,
C04-018,P3,G04_instruments_research,DESIGN GAP (doc),"papers README, registry.json and index.md describe a pipeline no code implements",UNTRIAGED,,,
C05-001,P2,G05_features_backtest_flagging,CONFIRMED DEFECT,features/vector.hpp · Constructor does not cap `n` to `kMaxFeatures`; `set()` then writes out of bounds (Codex Q04),UNTRIAGED,,,
C05-002,P2,G05_features_backtest_flagging,CONFIRMED DEFECT (on reuse),features/book_flow.hpp · Builders never clear or age-gate slots; a reused vector keeps a normal book's values after a crossed/empty book and still reports `complete()` (Codex Q05),UNTRIAGED,,,
C05-003,P2,G05_features_backtest_flagging,DESIGN GAP,"features/kinematics.hpp · Distribution/Hurst builders have no time gate: history minutes old is emitted as present; warmup is a tick count, not the registered lookback",UNTRIAGED,,,
C05-004,P3,G05_features_backtest_flagging,DESIGN GAP,features/registry.hpp · Band/lookback/warmup checks are opt-in and have no non-test caller; nothing ties a FeatureVector's `n`/version to a sealed registry,UNTRIAGED,,,
C05-005,P3,G05_features_backtest_flagging,CONFIRMED DEFECT,features/kinematics.hpp · `trend_deviation` uses the newest print even when `now` is earlier (look-ahead); out-of-order push returns `NotFinite`,UNTRIAGED,,,
C05-006,P2,G05_features_backtest_flagging,CONFIRMED DEFECT,"backtest/engine.hpp · `run()` reports P&L exactly 0 when the last quote is not live, even with fills, costs and an open position",UNTRIAGED,,,
C05-007,P2,G05_features_backtest_flagging,DESIGN GAP,"backtest/engine.hpp · Market fills are zero-latency at the decision quote, ignore displayed size, use constant impact; `Quote` has no timestamp; refused intents are not counted",UNTRIAGED,,,
C05-008,P3,G05_features_backtest_flagging,CONFIRMED DEFECT,"backtest/engine.hpp · Ledger ""conservation"" identity is tautological; `worst_residual` can only be 0; negative fill price and negative cost accepted",UNTRIAGED,,,
C05-009,P2,G05_features_backtest_flagging,DESIGN GAP,backtest/engine.hpp · `run()` never sets `Trade.delivery`: every Cash backtest is costed as intraday; unverified charge schedule not refused by `run()`,UNTRIAGED,,,
C05-010,P3,G05_features_backtest_flagging,CONFIRMED DEFECT,backtest/validation.hpp · Walk-forward refuses an exactly-fitting fold; `gap=0` accepted; embargo not tied to lookback; `survives_purge` reads out of bounds for an out-of-range block,UNTRIAGED,,,
C05-011,P2,G05_features_backtest_flagging,CONFIRMED DEFECT (numerical),"flagging/drift.hpp · ADWIN cut threshold depends on input scale (Hoeffding for [0,1] with no range check) and has no multiple-testing correction; its test masks false cuts and has a vacuous check",UNTRIAGED,,,
C05-012,P2,G05_features_backtest_flagging,CONFIRMED DEFECT,"flagging/deploy.hpp · Canary loss limit cannot fire before `min_observations`; `open()` can be re-called mid-canary or after rollback, resetting the loss accumulator",FIXED_TESTED,CX02-E4,flagging,"Hard loss cap now fires before sample floor, the internal unsigned total safely covers INT64_MIN, the controller is one-shot, and non-finite observations roll back; flagging CTest passes."
C05-013,P3,G05_features_backtest_flagging,CONFIRMED DEFECT,flagging/scorecard.hpp · `at`/`aggregate`/`ic_spread` unchecked indices; `regime_cell` has no upper bound; a constant-forecast model is never de-weighted,UNTRIAGED,,,
C05-014,P3,G05_features_backtest_flagging,DESIGN GAP,"flagging/deploy.hpp · Scheduler proposes a ""Scheduled"" retrain on every first poll (every restart); `RollbackTrigger::armed()` does not validate `min_ic` (NaN disables the IC floor)",UNTRIAGED,,,
C05-015,P3,G05_features_backtest_flagging,DESIGN GAP,"flagging/drift.hpp, backtest/montecarlo.hpp · NaN inputs not refused by PSI/KS; O(n^2) insertion sorts; metric sentinels (`sortino=0` with no downside, `summarise().worst` is always the max)",UNTRIAGED,,,
C06-001,P2,G06_analytics_a,CONFIRMED DEFECT,"hmm.hpp:112,127,242,264-266,285-298 · The -1e300 failure value is finite, so when every restart fails the code indexes empty vectors (UB or a crash) and never returns DidNotConverge",UNTRIAGED,,,
C06-002,P2,G06_analytics_a,CONFIRMED DEFECT,"derivatives.hpp:128-147 · velocity_std_error understates the SE about 6.9x (order 2, at the window edge). A 2-sigma velocity_is_significant flags about 77% of pure-noise windows",UNTRIAGED,,,
C06-003,P2,G06_analytics_a,CONFIRMED DEFECT,"derivatives.hpp:304-318 · A 4,096-point buffer silently truncates and keeps the FIRST 4,096 points in array order, which are the oldest for a chronological ring. Breaks rule 11, and the code comment claims the reverse",UNTRIAGED,,,
C06-004,P3,G06_analytics_a,CONFIRMED DEFECT,"american.hpp:117,164-165 · pow(S, beta) in paise overflows and 0*inf = NaN, so NotFinite is returned for a put at vol below about 5.3% with carry = r",UNTRIAGED,,,
C06-005,P3,G06_analytics_a,CONFIRMED DEFECT,"garch.hpp:224-235 · gamma_se uses a one-sided difference when gamma < 0.01, and reports 0.0 when it cannot be computed",UNTRIAGED,,,
C06-006,P3,G06_analytics_a,CONFIRMED DEFECT,garch.hpp:277-284 · qlike silently drops rows with forecast <= 1e-300. A zero-variance forecast is left out of the average instead of scoring +inf,UNTRIAGED,,,
C06-007,P3,G06_analytics_a,CONFIRMED DEFECT,"chain_soa.hpp:133-137,171-173 · A +inf strike passes validation and writes NaN. There is no output-finiteness refusal like black76's",UNTRIAGED,,,
C06-008,P3,G06_analytics_a,DESIGN GAP,"bench/bench_chain.cpp:43-61,92-97; chain_soa.hpp:104-122 · Mean only, one run per cell, no percentiles, so it cannot test the section 11 p99 budgets. AoS padding makes AoS use 1.77x the memory, which biases SWEEP toward SoA",UNTRIAGED,,,
C06-009,P3,G06_analytics_a,CONFIRMED DEFECT,"greeks2.hpp:145 · Put charm uses N(d1) - 1, which cancels in the tail. This contradicts the erfc approach greeks.hpp uses; absolute impact is negligible",UNTRIAGED,,,
C06-010,P3,G06_analytics_a,HYPOTHESIS,"ewma.hpp:298-302 (also 117-118, 237-238) · effective_n forms W^2 - D, which cancels in steady state at small alpha. The comment ""D is the small quantity"" is wrong in that regime",UNTRIAGED,,,
C06-011,P3,G06_analytics_a,DESIGN GAP,"derivatives.hpp:382-402 · derivatives_multiscale compacts its results, so out[i] no longer matches windows[i], and per-scale errors are swallowed",UNTRIAGED,,,
C06-012,P3,G06_analytics_a,CONFIRMED DEFECT,"greeks.hpp:289-306 · forward_from_spot casts a finite F above INT64_MAX (UB) and does not validate T, so a negative T is accepted",UNTRIAGED,,,
C06-013,P3,G06_analytics_a,DESIGN GAP,"chain_soa.hpp:82-94,127-138 · The public ChainInputs / ChainSoA carry paise and years as raw double at a public API (rule 2). Nothing outside tests/bench calls it",UNTRIAGED,,,
C07-001,P3,G07_analytics_b,CONFIRMED DEFECT,"sabr.hpp:72,106-113 · `valid()` accepts nu=0; `sabr_vol` then refuses every off-ATM strike, and is 7% wrong at nu=1e-15",UNTRIAGED,,,
C07-002,P3,G07_analytics_b,CONFIRMED DEFECT,"kalman.hpp:85-126 · Non-finite y, h, q, r or x0 are accepted and permanently poison the filter state",UNTRIAGED,,,
C07-003,P3,G07_analytics_b,CONFIRMED DEFECT,"hurst.hpp:145-167 · A constant series at a non-representable value returns H=0.950±0.031, ""significant"", instead of Degenerate",UNTRIAGED,,,
C07-004,P3,G07_analytics_b,HYPOTHESIS,hurst.hpp:260-278 · The 1/sqrt(n) SE floor may understate the true sampling SD of R/S-AL; validated on one seed only,UNTRIAGED,,,
C07-005,P3,G07_analytics_b,CONFIRMED DEFECT,"vix.hpp:108-111,236-259 · `truncated_low/high` counts absent quotes, not the quoted strikes dropped past the cutoff",UNTRIAGED,,,
C07-006,P3,G07_analytics_b,DESIGN GAP,"vix.hpp:83-93,114-119,218-259 · CBOE zero-bid rules can't be applied (no bid); zero or negative mids not refused; NSE deviations unmodelled",UNTRIAGED,,,
C07-007,P3,G07_analytics_b,DESIGN GAP,sabr.hpp:212-228 · Dupire dw/dT is taken at fixed strike with one forward; the formula needs fixed log-moneyness,UNTRIAGED,,,
C07-008,P3,G07_analytics_b,CONFIRMED DEFECT,"sabr.hpp:150-161 · `sabr_min_density` prices at int64-truncated strikes but divides by the untruncated h^2, giving false arbitrage",UNTRIAGED,,,
C07-009,P3,G07_analytics_b,CONFIRMED DEFECT,"svi_fit.hpp:65-66,104-107,337-398 · `NoConvergence` is never returned; `projections` is 0/1, not the documented count",UNTRIAGED,,,
C07-010,P3,G07_analytics_b,CONFIRMED DEFECT,iv.hpp:119-125 · `iv_uncertainty` passes a NaN or negative price uncertainty through as the band,UNTRIAGED,,,
C07-011,P3,G07_analytics_b,DESIGN GAP,"hurst.hpp:98-100,193 · The `kHurstMaxScales` loop cap stops silently; its unreachability proof is not stated at the bound (rule 11)",UNTRIAGED,,,
C07-012,P3,G07_analytics_b,DESIGN GAP (doc drift),"ROADMAP.md:306,678,1045 vs iv.hpp:6-24 · ROADMAP still promises Jäckel at ~2 ns with no Newton loop; the code is safeguarded Newton at ~1.6 µs",UNTRIAGED,,,
C08-001,P2,G08_models_serving_forecast,CONFIRMED DEFECT,ModelServer reuses a slot while a reader that loaded it is still inferring (slot ABA). This is a data race and can tear the model.,UNTRIAGED,,,
C08-002,P2,G08_models_serving_forecast,CONFIRMED DEFECT,"`generation_` is a plain uint32 shared across threads, and the Forecast record's fields are not coherent.",UNTRIAGED,,,
C08-003,P2,G08_models_serving_forecast,DESIGN GAP,"Served forecasts carry no std_error and no stage. `aggregate` accepts a std_error of 0, so the lower bound collapses to the point estimate.",UNTRIAGED,,,
C08-004,P2,G08_models_serving_forecast,DESIGN GAP,The weight-estimation term `wse^2 * value^2` vanishes exactly when members disagree.,UNTRIAGED,,,
C08-005,P3,G08_models_serving_forecast,DESIGN GAP,The horizon check counts bars with no bar width. Member staleness and digests are not checked.,UNTRIAGED,,,
C08-006,P3,G08_models_serving_forecast,CONFIRMED DEFECT,"`net_edge_lower_bound` casts double to int64 without a range check (UB when out of range), and a negative cost is not refused.",UNTRIAGED,,,
C08-007,P2,G08_models_serving_forecast,CONFIRMED (h>1) / HYPOTHESIS (h=1),The paired-t verdict uses an iid standard error. Overlapping horizons and clustered volatility overstate t.,UNTRIAGED,,,
C08-008,P3,G08_models_serving_forecast,CONFIRMED DEFECT (latent),`calibrate_band` has look-ahead when horizon > 1.,UNTRIAGED,,,
C08-009,P3,G08_models_serving_forecast,CONFIRMED DEFECT,The band width is measured on the same period it is then scored on (desktop page and real-data tests).,UNTRIAGED,,,
C08-010,P2,G08_models_serving_forecast,CONFIRMED DEFECT,`horizon_eval` writes past the end of `double x[16]` when `lags >= 16` (rule 11).,UNTRIAGED,,,
C08-011,P3,G08_models_serving_forecast,CONFIRMED DEFECT (latent),The `forecast_spot` cost hurdle uses vol-scaled labels when `vol_scaled_label` is on.,UNTRIAGED,,,
C08-012,P3,G08_models_serving_forecast,CONFIRMED DEFECT,The spot_forecast sigma uses a coin-flip SE and ignores overlap and multiple testing.,UNTRIAGED,,,
C08-013,P3,G08_models_serving_forecast,CONFIRMED DEFECT,MaskAndImpute: `Scaler::fit` includes the zero placeholders.,UNTRIAGED,,,
C08-014,P2,G08_models_serving_forecast,CONFIRMED DEFECT,"`average_uniqueness` silently caps at 65,536 bars and gives later labels uniqueness 1.0 (rule 11, unsafe side).",UNTRIAGED,,,
C08-015,P3,G08_models_serving_forecast,CONFIRMED DEFECT,Model names of 40 or more characters are silently truncated (rule 11).,UNTRIAGED,,,
C08-016,P3,G08_models_serving_forecast,DESIGN GAP,Registry: several Live versions are allowed and `live()` returns the oldest. There is no rollback path and nothing is persisted.,UNTRIAGED,,,
C08-017,P3,G08_models_serving_forecast,DESIGN GAP,Trainer splits have no purge or embargo. The one-shot test is per Trainer object. A zero-weight block scores 0.,UNTRIAGED,,,
C08-018,P3,G08_models_serving_forecast,DESIGN GAP,The Scaler range guard cannot detect a fit on everything.,UNTRIAGED,,,
C08-019,P3,G08_models_serving_forecast,CONFIRMED DEFECT,"Conformal: the finite-sample level is clamped to 1.0, and a NaN score breaks `std::sort`.",UNTRIAGED,,,
C08-020,P3,G08_models_serving_forecast,CONFIRMED DEFECT,`calibrate_band` substitutes 0 bps volatility for warm-up bars.,UNTRIAGED,,,
C08-021,P3,G08_models_serving_forecast,CONFIRMED DEFECT,Non-positive closes become NaN/inf returns in two functions and a fabricated 0 return in a third.,UNTRIAGED,,,
C08-022,P3,G08_models_serving_forecast,DESIGN GAP,"`horizon_eval.profitable_after_cost` has no error bar, and the oracle units are inconsistent.",UNTRIAGED,,,
C08-023,P3,G08_models_serving_forecast,TEST GAP,"`test_serving` cannot see the ABA tear, and its SKIP branches still end in PASS.",UNTRIAGED,,,
C08-024,P3,G08_models_serving_forecast,DESIGN GAP,Conformal scores are kept in absolute price units across price levels.,UNTRIAGED,,,
C09-001,P2,G09_models_families,CONFIRMED DEFECT,"mlp.hpp:171, recurrent.hpp:364 · A NaN training SSE is returned as 0.0, a perfect fit",UNTRIAGED,,,
C09-002,P2,G09_models_families,CONFIRMED DEFECT,"gbdt.hpp:84-85, 102, 424-461 · No finiteness checks in GBDT: sorting NaN is UB, NaN goes to the top bin, a NaN label returns a ""successful"" NaN model",UNTRIAGED,,,
C09-003,P3,G09_models_families,CONFIRMED DEFECT,"gbdt.hpp:66-72, 92, 405, 470-487 · `Frame` shape (`x.size()==rows*p`) is never checked, so a short `x` reads out of bounds",UNTRIAGED,,,
C09-004,P3,G09_models_families,CONFIRMED DEFECT (contract),gbdt.hpp:37-41 vs 198-204 · Header says predict does not allocate and is ALTAIR_HOT-safe; `predict_row` allocates a vector on every call,UNTRIAGED,,,
C09-005,P3,G09_models_families,CONFIRMED DEFECT,"gbdt.hpp:170-173 vs 348 · Leaf-wise growth is still capped by `max_depth` (default 3, so at most 8 leaves of the 31 budget) with no report",UNTRIAGED,,,
C09-006,P3,G09_models_families,CONFIRMED DEFECT,"gbdt.hpp:59-60, 444, 460 · `Degenerate` (""every label identical"") is never detected. Skipped trees are not counted",UNTRIAGED,,,
C09-007,P3,G09_models_families,CONFIRMED DEFECT,"attention.hpp:127 · Any `Causality` other than `Masked`, including an out-of-range value, runs UNMASKED",UNTRIAGED,,,
C09-008,P3,G09_models_families,CONFIRMED DEFECT,"mlp.hpp:69-87 · `cross_sectional_rank`: a NaN ranks below -1, `RaggedUniverse` is unreachable, and there is no production caller",UNTRIAGED,,,
C09-009,P3,G09_models_families,CONFIRMED DEFECT,"tensor.hpp:172-181 · `softmax_row` lets NaN/inf through, contrary to its comment",UNTRIAGED,,,
C09-010,P3,G09_models_families,DESIGN GAP,"tensor.hpp:48-57, 77-86, 108-128 · Unchecked accessors, error codes never produced, `matmul` aliasing undetected",UNTRIAGED,,,
C09-011,P3,G09_models_families,CONFIRMED DEFECT,"markov_eval.hpp:208-209, 303-306 · Wrong error code for alpha/gap, NaN alpha accepted, a comment contradicts the code",UNTRIAGED,,,
C09-012,P3,G09_models_families,CONFIRMED DEFECT,"markov.hpp:454-458, 203-205 · Uncounted drops: non-positive prices splice returns across a gap, out-of-range states are skipped",UNTRIAGED,,,
C09-013,P3,G09_models_families,CONFIRMED DEFECT,"markov.hpp:422-437, 462-479; test_markov.cpp:204 · χ² df ignores empty rows/columns (conservative). The `stationary()` non-convergence claim is false, and the test's ""ergodic"" check cannot fail",UNTRIAGED,,,
C09-014,P3,G09_models_families,CONFIRMED DEFECT,"regime_rl.hpp:240-246, 287-299, 312-330 · Unchecked Q-table indices, `heuristic_action(NaN)` returns NaN, `state_of(NaN)` is a UB cast",UNTRIAGED,,,
C09-015,P3,G09_models_families,DESIGN GAP,dcf.hpp:144-209; regime_rl.hpp:229 · Money is a bare double. The same DCF API is fed rupees in one caller and paise in another,UNTRIAGED,,,
C09-016,P2,G09_models_families,DESIGN GAP,"whole group · No persisted/versioned model, no cost netting, no path to a decision. Training is not ""done""",UNTRIAGED,,,
C09-017,P3,G09_models_families,HYPOTHESIS,"recurrent.hpp:276-293, 280, 399 · Encode windows ignore session/symbol boundaries. Missing `<type_traits>`. Stale comment",UNTRIAGED,,,
C09-018,P3,G09_models_families,CONFIRMED DEFECT (test),"test_regime_rl.cpp:139-142 vs 371; SKIP pattern in 4 tests · The P33-05 clamp regression is unreachable without dataset/, and four real-data tests pass on SKIP",UNTRIAGED,,,
C09-019,P3,G09_models_families,CONFIRMED DEFECT (test protocol),"test_regime_rl.cpp:204-213, 251-254, 230-243 vs 85-91 · QLearner ""out-of-sample"" episodes overlap training in time, and the training reward omits the completion cost evaluation charges. The recorded ""RL closed"" verdict rests on this",UNTRIAGED,,,
C09-020,P3,G09_models_families,DESIGN GAP (tests),"test_neural_5m.cpp:245-250, 496-507; test_markov_eval.cpp:186-190; test_attention.cpp (whole) · Verdicts are printed, not asserted; one verdict is unconditional; NaN would print the ""negative"" verdict; the Mlp row-cap fix and Mlp training h",UNTRIAGED,,,
C10-001,P2,G10_strategies_a,CONFIRMED DEFECT,"basis.hpp:133-136,165,183,307-311; calendar.hpp:205-207,269,287-296 · Non-finite rate / dividend yield / tenor not refused; NaN is cast to int64 (UB)",UNTRIAGED,,,
C10-002,P2,G10_strategies_a,CONFIRMED DEFECT,"basis.hpp:29-31,357-363,388-399 · Cross-venue scan costs two opening legs, though the file says both venues are squared off intraday",UNTRIAGED,,,
C10-003,P2,G10_strategies_a,CONFIRMED DEFECT,cointegration.hpp:288-349 · `johansen_bivariate` is not the Johansen trace statistic,UNTRIAGED,,,
C10-004,P2,G10_strategies_a,CONFIRMED DEFECT,"cointegration.hpp:128,194-230,282 · ADF with lags >= 2 is not ADF(p)",UNTRIAGED,,,
C10-005,P2,G10_strategies_a,CONFIRMED DEFECT (analytic),cointegration.hpp:449-484 · CUSUM-of-squares cannot see a break at the start of its test window; `at` uses later data,UNTRIAGED,,,
C10-006,P3,G10_strategies_a,CONFIRMED DEFECT,"cointegration.hpp:90,186,269,314,365,455; calendar.hpp:141-143; fundamentals.hpp:120-122 · Refusals name the wrong bound or reason",UNTRIAGED,,,
C10-007,P2,G10_strategies_a,DESIGN GAP,"fundamentals.hpp:80-107,138-156,188-247 · No period type: quarterly and annual rows compete in `as_of` and in sector medians",UNTRIAGED,,,
C10-008,P3,G10_strategies_a,CONFIRMED DEFECT,fundamentals.hpp:269-294 · `relative_to_sector` accepts a negative median and NaN peers,UNTRIAGED,,,
C10-009,P3,G10_strategies_a,CONFIRMED DEFECT,"meanrev.hpp:101-102,190-203 · `scale_with_z` exceeds the stated cap by up to 2x; fade not flipped on a through-band jump",UNTRIAGED,,,
C10-010,P2,G10_strategies_a,DESIGN GAP,"basis.hpp:124-137,281-311; calendar.hpp:96-101,130-191,271-297 · ""Net of full cost"" leaves out exit spread and impact, and SLB fee; option calendar has no cost and no staleness check",UNTRIAGED,,,
C10-011,P3,G10_strategies_a,HYPOTHESIS,fundamentals.hpp:144 · A filing is visible all day on its filing date,UNTRIAGED,,,
C10-012,P3,G10_strategies_a,CONFIRMED DEFECT,"cointegration.hpp:178-193 · `32 + lags` wraps around, giving an out-of-bounds read",UNTRIAGED,,,
C10-013,P2,G10_strategies_a,CONFIRMED DEFECT,"momentum.hpp:125-128,151-152; meanrev.hpp:19-22; test_directional.cpp:128; test_directional_real.cpp:194,229 · A 5.5 bps cost labelled round-trip is charged on every unit of turnover, so directional cost is doubled",UNTRIAGED,,,
C10-014,P3,G10_strategies_a,CONFIRMED DEFECT,"momentum.hpp:71-76,148-150 · `round_trips` counts each entry and each exit, so one round trip counts as 2",UNTRIAGED,,,
C10-015,P3,G10_strategies_a,DESIGN GAP,basis.hpp:129-137; calendar.hpp:198-207 · Dividend is only a continuous gross yield; T day-count and lot-multiple qty are left to the caller,UNTRIAGED,,,
C10-016,P2,G10_strategies_a,CONFIRMED DEFECT,"test_directional_real.cpp:183-190,373-376,406-408; meanrev.hpp:151-160 · Overnight returns are dropped but positions are still carried across them",UNTRIAGED,,,
C10-017,P3,G10_strategies_a,DESIGN GAP,"test_directional_real.cpp:250-254,288,475-496; CMakeLists.txt:69-73 · Real-data test: verdict never asserted, a vacuous check, and a hard FAIL (not a skip) when the dataset is absent",UNTRIAGED,,,
C11-001,P1,G11_strategies_b,CONFIRMED DEFECT,"overnight.hpp:246-254, 303-305 · The session filter reads the session that comes AFTER the night (look-ahead), while the comments say it reads the session before",UNTRIAGED,,,
C11-002,P1,G11_strategies_b,CONFIRMED DEFECT,"parity.hpp:222-225, 240-241 · Spot-hedged parity discounts the spot price: df*(S-K) instead of S - df*K, so every conversion is overstated by S*(1-df)",UNTRIAGED,,,
C11-003,P1,G11_strategies_b,CONFIRMED DEFECT,"parity.hpp:278-287, 434-446 · Parity and box are costed as held to expiry, but STT on exercise (charged on intrinsic value) is left out; the comment says it doesn't apply",UNTRIAGED,,,
C11-004,P2,G11_strategies_b,CONFIRMED DEFECT,"parity.hpp:402-424 · `scan_box` only prices the long box; a rich box, sold as a short box, is never detected",UNTRIAGED,,,
C11-005,P2,G11_strategies_b,CONFIRMED DEFECT,"oppty_log.hpp:170-173 · `classify` uses \ · gross\ · , so a negative touch deviation is filed as CostExceedsEdge or Unreachable (""real mispricing"")",UNTRIAGED,,,
C11-006,P2,G11_strategies_b,CONFIRMED DEFECT (statistical),oppty_log.hpp:224-228 · `best_over_noise` ignores the mean and assumes independent draws; it is wrong whenever the mean net edge isn't zero,UNTRIAGED,,,
C11-007,P3,G11_strategies_b,CONFIRMED DEFECT,"regime.hpp:180-186, 265-271 · Hysteresis lets the regime jump straight to the opposite side on the looser exit threshold",UNTRIAGED,,,
C11-008,P3,G11_strategies_b,CONFIRMED DEFECT,regime.hpp:315-334 · `liquidity_regime` turns NaN inputs into a decided `Normal`; the doc says it takes std::expected and refuses,UNTRIAGED,,,
C11-009,P3,G11_strategies_b,DESIGN GAP,"vix_forecast.hpp:107-108, 160-162, 197-199 · Realised vol is silently clamped to 0 (the unsafe side); wrong error code; the log forecast is a median with no bias note",UNTRIAGED,,,
C11-010,P3,G11_strategies_b,DESIGN GAP,"score.hpp:118-121, 237-240 · `paise_per_score` has no quantity dimension yet is subtracted from a position-total `Notional`",UNTRIAGED,,,
C11-011,P3,G11_strategies_b,DESIGN GAP,"parity.hpp:304-359; overnight.hpp:186-197 · Pre-cost outputs: the butterfly margin carries no cost or executability, and overnight cost is a caller-supplied bps figure",UNTRIAGED,,,
C11-012,P3,G11_strategies_b,CONFIRMED DEFECT (hygiene),"parity.hpp:288-289, 432, 443-445; oppty_log.hpp:252-255 · Rounding is biased on negatives; rate is not checked finite before an int64 cast; `<limits>` isn't included; enum-indexed arrays have no bound check",UNTRIAGED,,,
C11-013,P3,G11_strategies_b,HYPOTHESIS,"tests/test_regime_real.cpp:54-75, 174, 359 · The comment says closes are in paise, but they're parsed with no x100 and truncated into `Price`; if the CSV is in rupees, detector inputs are quantised to whole rupees",UNTRIAGED,,,
C11-014,P3,G11_strategies_b,DESIGN GAP,"tests/test_overnight_real.cpp:156-160, 247-248, 278-281, 334-335 · Hard-fails (exit 1) when the gitignored dataset is missing, and asserts market-dependent verdicts",UNTRIAGED,,,
C12-001,P1,G12_risk_charges,DESIGN GAP,`check_order` (pre-trade limits) has no non-test caller,UNTRIAGED,,,
C12-002,P1,G12_risk_charges,DESIGN GAP,Conservation check and daily-loss halt never trip the kill switch outside tests,UNTRIAGED,,,
C12-003,P1,G12_risk_charges,CONFIRMED DEFECT,"`[safety]`, `[broker.*]`, `[implicit]` in charges.toml are never parsed; ""block on unverified"" is inert",UNTRIAGED,,,
C12-004,P2,G12_risk_charges,CONFIRMED DEFECT,A rate key missing from a present segment table silently becomes 0,UNTRIAGED,,,
C12-005,P2,G12_risk_charges,DESIGN GAP,Currency options are unreachable; they get priced on the currency-futures line,UNTRIAGED,,,
C12-006,P2,G12_risk_charges,CONFIRMED DEFECT,"Sizing accepts `edge_sigmas <= 0`, negative std error, and `kelly_divisor < 1`",UNTRIAGED,,,
C12-007,P2,G12_risk_charges,CONFIRMED DEFECT,"Slippage model accepts zero arrival/fill/final prices, which biases eta low",UNTRIAGED,,,
C12-008,P2,G12_risk_charges,DESIGN GAP,"Zero-valued `RiskLimits` disables every cap, including daily loss and staleness",UNTRIAGED,,,
C12-009,P3,G12_risk_charges,CONFIRMED DEFECT,"`uncovered_after_days` is days-since-epoch, not the documented gap",UNTRIAGED,,,
C12-010,P3,G12_risk_charges,CONFIRMED DEFECT,"`verified` flips true for any string other than exactly ""UNVERIFIED""",UNTRIAGED,,,
C12-011,P3,G12_risk_charges,CONFIRMED DEFECT,`to_paise` rounds halves toward zero while its doc claims away from zero,UNTRIAGED,,,
C12-012,P3,G12_risk_charges,DESIGN GAP,Optimisers: no convergence diagnostic; `IllConditioned` never returned; doc/check mismatch on sample count,UNTRIAGED,,,
C12-013,P3,G12_risk_charges,DESIGN GAP,"Unchecked int64 sums/products (cost total, GST base, tail hedge, `Leg::notional`, Kelly budget cast)",UNTRIAGED,,,
C12-014,P3,G12_risk_charges,DESIGN GAP,Limits refuse risk-reducing orders at gross-cap or daily-loss breach (no reduce-only path),UNTRIAGED,,,
C12-015,P3,G12_risk_charges,CONFIRMED DEFECT,Loader parses schedule dates as UTC midnight; test_cost builds IST-midnight schedules (no in-session trigger),UNTRIAGED,,,
C12-016,P3,G12_risk_charges,CONFIRMED DEFECT,"lot_size_history.csv: nothing reads it, and its boundary rows overlap on 2026-09-29",UNTRIAGED,,,
C12-017,P2,G12_risk_charges,CONFIRMED DEFECT,Black-Litterman multi-view posterior is wrong for correlated assets (sequential scalar updates),UNTRIAGED,,,
C12-018,P3,G12_risk_charges,CONFIRMED DEFECT,StressWindow documented inclusive but used half-open; correlation failure reported as 0.0,UNTRIAGED,,,
C12-019,P3,G12_risk_charges,DESIGN GAP,MC VaR promises a quantile error bar it does not return; iid bootstrap ignores vol clustering; no NaN guard,UNTRIAGED,,,
C12-020,P3,G12_risk_charges,CONFIRMED DEFECT (test),test_charges_toml claims a file-vs-mirror comparison that does not exist; no exact rate or paise assertions,UNTRIAGED,,,
C12-021,P3,G12_risk_charges,CONFIRMED DEFECT (test),Stress/BL tests pass vacuously without dataset/; tautological hedge check; optimiser verdict unasserted,UNTRIAGED,,,
C13-001,P1,G13_oms,CONFIRMED DEFECT,"oms/order_state.hpp · A partial fill during PendingCancel/PendingReplace erases the pending state. The following CancelAck/ReplaceAck is refused and the order stays ""live"".",FIXED_TESTED,CX02-B6,"order_state 7, 8, 3","evidence/replay_old_order_state.log: trigger REPRODUCED on HEAD header, not seen on working tree."
C13-002,P1,G13_oms,CONFIRMED DEFECT,"oms/order_state.hpp · A rejected cancel/amend REQUEST makes the ORDER terminal Rejected. Later fills are refused, so it believes it is flat while holding a position.",FIXED_TESTED,CX02-B6,"order_state 9, 10",evidence/replay_old_order_state.log: refused cancel made order Rejected and real fill refused on HEAD; not seen on working tree.
C13-003,P2,G13_oms,DESIGN GAP,oms/order_state.hpp · TimeWentBackwards refuses crossed messages if `ts` is event time. What `ts` means is never defined.,DEFERRED,CX02-B6 (contract) + CX-03 (enforcement),order_state 12 (equal receipt stamps),"Reviewer R-AB-005 is right: the code change is comments only -- `ts < o.last_event` is byte-identical to HEAD -- and test 12 passes on HEAD for a different reason. What `ts` means is now DEFINED (OMS receipt stamp), but nothing yet stamps it. DEPENDENCY: the CX-03 paper adapter that assigns receipt stamps, and a test feeding an exchange-time-ordered sequence through it."
C13-004,P1,G13_oms,DESIGN GAP,"order_state / kite_adapter / reconcile · No uncertain/unknown order state, no idempotency key, no order-level reconciliation",UNTRIAGED,,,
C13-005,P1,G13_oms,CONFIRMED DEFECT,oms/order_intent.hpp · An interrupted append followed by the next append makes one line that mixes two records and parses successfully,FIXED_TESTED,CX02-B1 (reader) + CX02-B3 (writer),order_intent [5]; desktop_order_ticket [5]; intent_queue 6,"test_order_intent [5] shows the old first-occurrence reader extracting lots 3 at 5,711,490 paise from the torn line and the new grammar refusing it; append_intent now starts a new line after a torn tail (desktop_order_ticket [5]); the drainer quarantines the torn line and accepts the next (intent_queue 6)."
C13-006,P2,G13_oms,CONFIRMED DEFECT,"oms/order_intent.hpp · Unchecked int64 accumulation (UB), and uint32 token narrowing to a different instrument",FIXED_TESTED,CX02-B1,order_intent [6],token 4295223561 / 2^32 / lots 2^64+1 refused as OutOfRange; checked int64 accumulation.
C13-007,P2,G13_oms,CONFIRMED DEFECT,"oms/order_intent.hpp · Not a strict schema: first-wins duplicates, nested-key match, decimal/exponent truncation, string-typed ints, escape mis-decoding, empty/unenumerated strings",FIXED_TESTED,CX02-B1,order_intent [7][8],"strict flat-object grammar: duplicate key, nested object, 1.5, 1e0, quoted int, leading zero/plus, \u escape, control char, unenumerated product/validity, bad exchange/id, impossible date all refused."
C13-008,P2,G13_oms,DESIGN GAP,"oms/order_intent.hpp · Drain offset has no file identity. A missing file looks the same as an empty queue. No id dedupe, and the batch is unbounded.",FIXED_TESTED,CX02-B2,intent_queue 1-6,"missing=Unreadable, Truncated, Replaced, TTL expiry, future-dated, ids persisted with cursor (redrain from 0 refuses duplicates), batch/line/quarantine/dedupe bounds. Old drain_intents removed. evidence/replay_old_intent_drain.log."
C13-009,P1,G13_oms,DESIGN GAP,"integration · Nothing drains intents, and no strategy->risk->OMS->broker pipeline exists. The queue has no expiry, so a future drainer would act on stale intents.",UNTRIAGED,,,
C13-010,P1,G13_oms,CONFIRMED DEFECT (gate 7),"oms/exit_ladder.hpp · On a gap, a stop exit is attributed at the stop level, not a price you could actually get. The test measures a fictional Rs 1.5 lakh.",FIXED_TESTED,CX02-B8,exit_ladder 1,"evidence/replay_old_exit_ladder.log: HEAD decision booked 0 paise on a -22,500,000 paise gap exit; ExitDecision::fill_ref added, test asserts both orderings realise the same loss."
C13-011,P2,G13_oms,DESIGN GAP,"oms/reconcile.hpp · QuantityMismatch is documented ""Fatal"" but never trips the kill switch. `present` is unused. Product is not part of the key.",UNTRIAGED,,,
C13-012,P2,G13_oms,CONFIRMED DEFECT,"oms/shortfall.hpp · Large kappa*T: sinh overflows, inf/inf gives NaN, and the int cast is UB. The comment claims overflow is handled.",UNTRIAGED,,,
C13-013,P3,G13_oms,CONFIRMED DEFECT (rule 11),"execution.hpp, shortfall.hpp · Out-of-range accessors silently clamp to slot 0 or to the last slot",UNTRIAGED,,,
C13-014,P2,G13_oms,DESIGN GAP,"oms/execution.hpp · TWAP/VWAP/POV split raw units with no lot multiple, so F&O children cannot be placed",UNTRIAGED,,,
C13-015,P2,G13_oms,CONFIRMED DEFECT,oms/kite_adapter.hpp · `parse_order_id` ignores status and accepts `null`. The rupee parser accepts negatives and overflows. Snapshots have no bridge to the transition table.,UNTRIAGED,,,
C13-016,P3,G13_oms,CONFIRMED DEFECT,"oms/execution.hpp · VWAP curve accepts +inf, giving NaN and a UB int cast",UNTRIAGED,,,
C13-017,P3,G13_oms,HYPOTHESIS,"oms/throttle.hpp · The daily window is 24h from the first order, not the broker day. Modify/cancel are not throttled. Limit values were not verified.",UNTRIAGED,,,
C14-001,P1,G14_broker_kite_tools,CONFIRMED DEFECT,Price columns written with 6 significant digits: kite_fetch (ostream default) and kite_update (`%g`) silently round NIFTY/BANKNIFTY bars in dataset/,FIXED_TESTED,CX02-A1a/A1b/A2,price_text [1][2][3]; dataset_merge [7],"test_price_text [2] holds the old %g formatter to the round-trip property and it fails on >1,000,000 swept prices; build_logs/ctest_cx-net_AB2.log 138/138. Stored rows already rounded are NOT repaired (see A3 inventory)."
C14-002,P1,G14_broker_kite_tools,CONFIRMED DEFECT,Ticker `--seconds` deadline bypassed by heartbeat/text frames. A closed-market run never ends.,UNTRIAGED,,,
C14-003,P2,G14_broker_kite_tools,HYPOTHESIS,"Ticker read has no idle timeout (`suggested(client)` plus `expires_never`), so a silent socket blocks forever and `TickerError::Idle` is unreachable",UNTRIAGED,,,
C14-004,P2,G14_broker_kite_tools,HYPOTHESIS,"https_client `expires_after` does not bound synchronous Beast ops, and resolve is unbounded. A stalled server hangs every Kite tool.",UNTRIAGED,,,
C14-005,P2,G14_broker_kite_tools,CONFIRMED DEFECT,"kite_update rewrite: unchecked I/O, remove-then-rename, whole-series rewrite, headerless first row dropped, single shared header",FIXED_TESTED,CX02-A2,dataset_merge [1][2][3][5],replace_file_checked: temp-open failure and rename-onto-directory leave target byte-identical; only dirty files rewritten; headerless first row kept; per-file headers; unkeyable/duplicate rows block rewrite. ctest_cx-net_AB2 138/138.
C14-006,P2,G14_broker_kite_tools,CONFIRMED DEFECT,"kite_update never calls `verify_coverage`, so a truncated Kite answer is merged silently (the fetcher refuses the same case)",FIXED_TESTED,CX02-A2,dataset_merge [6],judge_coverage: 10 of 60 days -> Incomplete (merge nothing); kite_update calls it before merge. Live fetch path not exercised (needs login).
C14-007,P2,G14_broker_kite_tools,CONFIRMED DEFECT,kite_fetch `--force` truncates a whole month and writes only the requested sub-range. Month writes are non-atomic and unchecked.,FIXED_TESTED,CX02-A2b,dataset_merge [8],"force_covers_month refuses --from 2024-09-15 --force over a full September; kite_fetch checks every month before writing any, and writes months via replace_file_checked. Live fetch path not exercised (needs login)."
C14-008,P2,G14_broker_kite_tools,CONFIRMED DEFECT,"kite_quote_main drops oi/has_oi/average_price/last_quantity/net_change, and `timestamp` is always """" (never parsed)",UNTRIAGED,,,
C14-009,P2,G14_broker_kite_tools,CONFIRMED mechanism / HYPOTHESIS trigger,"parse_quote scan window leaks into the NEXT instrument when an object has no `""depth""`",UNTRIAGED,,,
C14-010,P2,G14_broker_kite_tools,CONFIRMED DEFECT,"data/kite_session.json written non-atomically, with no permission restriction",UNTRIAGED,,,
C14-011,P2,G14_broker_kite_tools,DESIGN GAP,Credential handling lives outside broker/: 6 app mains read env credentials and 5 copy-pasted session-file readers (3 variants),UNTRIAGED,,,
C14-012,P3,G14_broker_kite_tools,CONFIRMED DEFECT,"Snapshot writers use remove-then-`std::rename` (not atomic, old file lost on failure). Ticker store/status write errors are ignored.",UNTRIAGED,,,
C14-013,P3,G14_broker_kite_tools,CONFIRMED DEFECT,kite_callback.py: unescaped reflection into HTML on a tunnel-exposed endpoint. Any stray request_token hit ends the server. request_token on child argv.,UNTRIAGED,,,
C14-014,P3,G14_broker_kite_tools,CONFIRMED DEFECT,"Form body and JSON scanner in kite_login.hpp: no URL-encoding, escape handling is wrong, first-match key search",UNTRIAGED,,,
C14-015,P3,G14_broker_kite_tools,CONFIRMED DEFECT / DESIGN GAP,"kite_historical: impossible dates accepted, non-JSON numbers accepted, coverage checks calendar days only",UNTRIAGED,,,
C14-016,P3,G14_broker_kite_tools,CONFIRMED DEFECT,kite_update `--symbols banknifty` also selects nifty (substring match). printf format mismatches. Token narrowing. Unbounded body echo.,FIXED_TESTED,CX02-A2 / A2b / A2c,dataset_merge [9],"--symbols is exact (select_names) and --days is parsed strictly (parse_count), both tested; kite_fetch token parsing is strict and its non-200 body echo is bounded to 512 bytes; kite_quote's %ld and kite_fetch's %d against an unsigned status are now %lld with a cast; kite_ticker refuses a token that is not a whole number within uint32. The main()-level items are by inspection: they need a credential to exercise."
C14-017,P3,G14_broker_kite_tools,DESIGN GAP,`redact()` reveals 10 of 32 token chars on stdout that callback.py and desktop capture. Secret copies are not zeroised.,UNTRIAGED,,,
C15-001,P2,G15_app_server,CONFIRMED DEFECT,server/price_bus.hpp:202-206 · Coalescing can drop a head frame that is already partly on the wire and resets `head=0`. The subscriber stream loses frame alignment and the desktop client aborts.,FIXED_TESTED,CX02-D4,"price_bus partial-head test",build/cx-net price_bus CTest 1/1; deterministic partial-head coalescing regression passes.
C15-002,P2,G15_app_server,CONFIRMED DEFECT,"app/price_service_main.cpp:456-458 + broker/kite_ticker.hpp:256,326,364,332-338 · `--go` stops after about 60 s (default `read_timeout` used as a run deadline) despite the ""run until interrupted"" usage text. A mid-session socket error with ",UNTRIAGED,,,
C15-003,P2,G15_app_server,CONFIRMED DEFECT,"server/CMakeLists.txt:69-73, server/tests/emit_vectors.cpp:138-139,222-238 · ctest `protocol_vectors` rewrites the tracked `frames.txt` in the source tree, then checks only its own output. It cannot detect drift from the checked-in contract",UNTRIAGED,,,
C15-004,P2,G15_app_server,DESIGN GAP,app/CMakeLists.txt; app/main.cpp · No executable assembles feed → book → features → model → strategy → risk → OMS. `altair` is the Phase-0 null-strategy ledger demo; `altair_price_service` is a display republisher.,UNTRIAGED,,,
C15-005,P3,G15_app_server,CONFIRMED (contained),"app/price_service_main.cpp:350-361 · Placeholder specs for every `--tokens` token: lot 1, tick 1 paise, scale 100, symbol `TOKEN%u`.",UNTRIAGED,,,
C15-006,P2,G15_app_server,CONFIRMED,"app/price_service_main.cpp:279-330, 122-207 · `--replay` publishes CSV bar closes on the trades topic, not canonical ticks. Volume means per-bar volume here but cumulative day volume live. Unknown symbols publish as token 0.",UNTRIAGED,,,
C15-007,P2,G15_app_server,DESIGN GAP,"server/price_bus.hpp:133-210; app/price_service_main.cpp:449; kite_ticker.hpp:357-362 · No Heartbeat, Snapshot or Bye frames are ever sent, and client messages are never read. `poll()` runs only on data frames, so a silent market stalls acc",UNTRIAGED,,,
C15-008,P3,G15_app_server,CONFIRMED DEFECT,"server/price_bus.hpp:185,257 · `++seq_[topic]` writes out of bounds for any topic ≥ 3. Current callers use only 1 and 2.",UNTRIAGED,,,
C15-009,P3,G15_app_server,DESIGN GAP,"server/price_bus.hpp:133-161,197-199,261 · Client count is unbounded, a stalled reader is never disconnected, `refused_` has no accessor, and each publish allocates one frame copy per client.",UNTRIAGED,,,
C15-010,P3,G15_app_server,CONFIRMED,"app/price_service_main.cpp:231,303-329,137-168 · Replay exits without draining queued frames. `--port` is truncated through atoi. Timestamp parsing accepts garbage, ignores the stated offset, and stamps daily bars at 00:00 IST, contrary to ",UNTRIAGED,,,
C15-011,P3,G15_app_server,CONFIRMED,"app/price_service_main.cpp:403-410 · A measured zero volume or OI is published as ""absent"". This contradicts the payload contract asserted in test_price_payload.cpp:132-135.",UNTRIAGED,,,
C15-012,P3,G15_app_server,CONFIRMED,"server/protocol.hpp:112-123,315-339 · `decode_header` never returns `PayloadTooLarge`, has no length bound, and does not check enum ranges or reserved bytes. The desktop client buffers whatever `payload_len` claims.",UNTRIAGED,,,
C15-013,P3,G15_app_server,CONFIRMED / DESIGN GAP,"app/warm_restart.hpp:166-178,196,221-235,92-107 · No flush-error check or fsync. The rename fallback removes the target first, leaving a window with no snapshot. Duplicate keys can satisfy `seen==8` while `breached` is missing. Trailing byt",UNTRIAGED,,,
C15-014,P2,G15_app_server,"CONFIRMED DEFECT (latent, tests-only)","app/monitor.hpp:77-84,292-305,280-286 · `worst()` ranks Unobserved below Ok, so one never-wired gauge among healthy ones reports Ok. A NaN value reports Ok. Bucket counters were uint32 with no stated bound proof.",FIXED_TESTED,CX02-E4,"monitor CTest",Unobserved ranking and NaN/invalid-threshold reporting pass; bucket counters are uint64_t and cannot exceed the accepted total, which stops at UINT64_MAX; the online mean avoids signed cumulative-sum overflow; focused monitor CTest passes.
C15-015,P2,G15_app_server,DESIGN GAP + HYPOTHESIS (tests-only),"app/note_reconcile.hpp:106-117,240-252,275-293,202 vs 54-61 · Rows are joined on order_id and duplicates are refused, so any order filled in more than one execution can never reconcile. Exact per-trade paisa comparison ignores note-level ro",UNTRIAGED,,,
C15-016,P3,G15_app_server,CONFIRMED,"app/instruments_demo.cpp:435,455-456 · Demo only: an empty `if (master_path != nullptr) {}` block, and a hard-coded session date 2026-08-31 used as the snapshot time for real files.",UNTRIAGED,,,
C16-001,P1,G16_desktop_quant_pages,CONFIRMED DEFECT,"Heavy report generation, including a child process that can block for up to 125 s, runs synchronously on the GUI thread with no worker or cancellation",UNTRIAGED,,,
C16-002,P2,G16_desktop_quant_pages,CONFIRMED DEFECT,"AnalyticsPanel runs 2,000 bootstrap passes over the full daily series inside its constructor, at window build",UNTRIAGED,,,
C16-003,P2,G16_desktop_quant_pages,CONFIRMED DEFECT,"The Cointegration page always uses the NIFTY future but switches the spot to the selected instrument, so both the heading and the verdict are wrong",UNTRIAGED,,,
C16-004,P2,G16_desktop_quant_pages,DESIGN GAP,"The Markov row is a hard-coded green ""trained on real data"" while its own walk-forward computes no directional edge",UNTRIAGED,,,
C16-005,P3,G16_desktop_quant_pages,CONFIRMED DEFECT,"Several pages still say ""NIFTY"" when BANKNIFTY or INDIA VIX is selected",UNTRIAGED,,,
C16-006,P3,G16_desktop_quant_pages,CONFIRMED DEFECT,Verdict sentences are fixed text and can contradict the numbers printed above them,UNTRIAGED,,,
C16-007,P3,G16_desktop_quant_pages,CONFIRMED DEFECT (rule 11),"Every UI CSV loader silently drops bad rows; no count, and a missing file looks the same as an empty one",UNTRIAGED,,,
C16-008,P3,G16_desktop_quant_pages,HYPOTHESIS,"Date-only stamps probably parse at the host's local midnight, which would make the IST branch in `ui_load_stamped` dead code",UNTRIAGED,,,
C16-009,P3,G16_desktop_quant_pages,CONFIRMED DEFECT,"Status text on screen is stale or self-contradictory (""1 of 12 trained"", dated ""has"" literals, a LibTorch claim)",UNTRIAGED,,,
C16-010,P3,G16_desktop_quant_pages,CONFIRMED DEFECT,fits.hpp promises an `in_sample` flag that does not exist; the VIX fit is fully in-sample and joins observations across dropped values,UNTRIAGED,,,
C16-011,P3,G16_desktop_quant_pages,CONFIRMED DEFECT,A missing value is shown as a measured zero in several places,UNTRIAGED,,,
C16-012,P3,G16_desktop_quant_pages,CONFIRMED DEFECT,"The kinematics section reads a hard-coded ""2026-09.csv"" and assumes 60 s spacing across session gaps",UNTRIAGED,,,
C16-013,P3,G16_desktop_quant_pages,CONFIRMED DEFECT,Lot-size and cost literals on demo/research pages; one comment falsely says the lot comes from the spec store,UNTRIAGED,,,
C16-014,P3,G16_desktop_quant_pages,CONFIRMED DEFECT,The Flagging scorecard sets regime boundaries from the whole sample while its comment calls them causal,UNTRIAGED,,,
C16-015,P3,G16_desktop_quant_pages,CONFIRMED DEFECT,"Cost panel: the ""09:15"" trade is 09:15 UTC, and the price box takes whole rupees only",UNTRIAGED,,,
C16-016,P3,G16_desktop_quant_pages,HYPOTHESIS,"Candle width is based on candle count but x position on time, so candles overlap on series with session gaps",UNTRIAGED,,,
C16-017,P3,G16_desktop_quant_pages,DESIGN GAP,"The dataset inventory is described as ""counted from disk, not typed"" but walks a typed list of partitions",UNTRIAGED,,,
C17-001,P2,G17_desktop_shell_terminal,CONFIRMED DEFECT,"Fits, report generation and subprocess waits run synchronously in the GUI thread. `processEvents` allows re-entry. The Halt tab is frozen for up to about 65 s",UNTRIAGED,,,
C17-002,P3,G17_desktop_shell_terminal,CONFIRMED DEFECT,Seeking backward does not reset MarketClock (Codex UI-002),UNTRIAGED,,,
C17-003,P3,G17_desktop_shell_terminal,CONFIRMED DEFECT,The scrubber maximum is not updated after `reload_tape` (UI-003),UNTRIAGED,,,
C17-004,P3,G17_desktop_shell_terminal,CONFIRMED DEFECT,"Candles stay stale when `applied_==0`, and a real tape is titled ""synthetic replay"" (UI-004)",UNTRIAGED,,,
C17-005,P3,G17_desktop_shell_terminal,CONFIRMED DEFECT (latent),"`reload_tape` refreshes status before `restart()`, so a chart rebuild can read past the end of a shorter new tape",UNTRIAGED,,,
C17-006,P3,G17_desktop_shell_terminal,DESIGN GAP,Chart disk series are re-read synchronously on every visit to the Chart page and every combo change,UNTRIAGED,,,
C17-007,P2,G17_desktop_shell_terminal,CONFIRMED DEFECT,"The option chain destroys and re-creates every table item, and re-centres the scroll, on every spot frame",UNTRIAGED,,,
C17-008,P2,G17_desktop_shell_terminal,CONFIRMED DEFECT,REPLAY/LIVE on the stream strip is decided from the NIFTY token alone. Nothing marks stale data. The chain header keeps saying LIVE after a disconnect,UNTRIAGED,,,
C17-009,P2,G17_desktop_shell_terminal,DESIGN GAP,"PendingIntents shows every line ever appended as ""not drained"". The count only grows. Each open re-reads the whole file with no size bound",UNTRIAGED,,,
C17-010,P1,G17_desktop_shell_terminal,CONFIRMED DEFECT,"The order confirmation omits limit price, order type, product and validity. The default limit of 2,400,000 paise survives every instrument change",FIXED_TESTED,CX02-B4,desktop_order_ticket [8][9],"confirmation_text shows limit (rupees+paise), type, product, validity, exchange; fresh ticket limit 0 (was 2,400,000); limit cleared on any instrument change; LIMIT with unset price refused at submit (by inspection: submit needs a dialog)."
C17-011,P2,G17_desktop_shell_terminal,CONFIRMED DEFECT,`append_intent` checks only `open()`. A write or flush failure is still reported as PENDING,FIXED_TESTED,CX02-B3,desktop_order_ticket [5][6],"AppendResult: OpenFailed and LockTimeout reported and nothing written; tail read, write, flush, close checked; WriteFailed path not forceable in-process (disk-full) -- by inspection."
C17-012,P3,G17_desktop_shell_terminal,CONFIRMED DEFECT,"The expiry list is silently capped at 8 and filtered by wall clock, even during replay",UNTRIAGED,,,
C17-013,P3,G17_desktop_shell_terminal,CONFIRMED DEFECT,`set_price` narrows to int and snaps sells down. `set_instrument` never renames a token it already has,FIXED_TESTED,CX02-B4,desktop_order_ticket [9]; desktop_terminal [6],snap direction recorded and aggressive snaps refused per side; out-of-range price refused not narrowed; known token renamed; spin-box step now the spec tick (step: by inspection).
C17-014,P2,G17_desktop_shell_terminal,CONFIRMED DEFECT,"Halt panel: a malformed or unreadable request file shows as ""No halt requested"". The write result is unchecked. The state label is never refreshed from disk",FIXED_TESTED,CX02-B5,desktop_kill_switch 1-3,"Unreadable (malformed/empty/non-object/locked) is a third state, ordinal 0, treated as halted and shown as HALT STATE UNKNOWN; QSaveFile write checked and atomic; panel re-reads every 2 s (timer: by inspection)."
C17-015,P2,G17_desktop_shell_terminal,DESIGN GAP,Dev credentials and the `--as admin` login bypass are compiled into every build type except exactly `Release`,UNTRIAGED,,,
C17-016,P3,G17_desktop_shell_terminal,CONFIRMED DEFECT,`--prime` and `--source` are not validated,UNTRIAGED,,,
C17-017,P3,G17_desktop_shell_terminal,CONFIRMED DEFECT,"The Ratio Spread page shows expiry dates in UTC, one day early",UNTRIAGED,,,
C17-018,P2,G17_desktop_shell_terminal,DESIGN GAP,The gate-3 link audit checks only direct link libraries. The UI can also start subprocesses and write the intent queue,UNTRIAGED,,,
C17-019,P3,G17_desktop_shell_terminal,HYPOTHESIS,The intent `at` field is local time with no UTC offset; the vectors carry +05:30,FIXED_TESTED,CX02-B3 (writer) + CX02-B1 (reader),desktop_order_ticket [7]; order_intent [8],intent_timestamp writes UTC with Z; oms parser refuses a time with no offset.
C17-020,P2,G17_desktop_shell_terminal,CONFIRMED DEFECT (downstream impact is a HYPOTHESIS),Live forecast merge appends fetched bars without re-sorting. History load stops at 2026,UNTRIAGED,,,
C17-021,P2,G17_desktop_shell_terminal,CONFIRMED DEFECT,"Watchlist labels rows ""watch only / cannot be ordered"", yet any row found in the master becomes requestable",FIXED_TESTED,CX02-B4b,desktop_terminal [4b],"A BLOCKED watchlist row sends an empty spec, which OrderTicket::set_contract treats as REVOKING a spec it already holds; a row the master resolves is marked Resolved before its spec is sent, so the Spec column agrees with what the ticket accepts."
C17-022,P3,G17_desktop_shell_terminal,CONFIRMED DEFECT,Watchlist misc: highlighted row and ticket can disagree after Remove; quote exchange is guessed; quote refresh blocks for up to 35 s,UNTRIAGED,,,
C18-001,P3,G18_desktop_widgets_data,CONFIRMED DEFECT,"atlas.hpp:133,169-176 · Double-clicking a family node opens nav page 0 (Live Grid)",UNTRIAGED,,,
C18-002,P3,G18_desktop_widgets_data,DESIGN GAP,atlas_data.hpp:80-83 · Page indices are range-checked but not checked for meaning; the header comment is stale,UNTRIAGED,,,
C18-003,P3,G18_desktop_widgets_data,DESIGN GAP,"account_widgets.hpp:144 · `account_table` returns a table with sorting on, so every fill must remember to turn it off",UNTRIAGED,,,
C18-004,P3,G18_desktop_widgets_data,CONFIRMED DEFECT,"audit_panel.hpp:168-171,190-198 · Every 500 ms, re-reads and FNV-hashes the whole instrument master on the GUI thread, forever",UNTRIAGED,,,
C18-005,P3,G18_desktop_widgets_data,CONFIRMED DEFECT,"audit_panel.hpp:245-249; main_window.hpp:1510,259 · The replay tick count is shown as ""LIVE"", in green, even at 0",UNTRIAGED,,,
C18-006,P2,G18_desktop_widgets_data,DESIGN GAP,"desktop/CMakeLists.txt:203-204; CMakePresets.json:23; main.cpp:280-292 · admin/admin, staff/staff and a password-less `--as admin` are in every non-Release build, including the default RelWithDebInfo preset",UNTRIAGED,,,
C18-007,P3,G18_desktop_widgets_data,CONFIRMED DEFECT,"broker_status.hpp:226,236-237,257 · login_time is parsed as local time but compared to an IST-shifted UTC instant, so the future-guard and ""h ago"" are off by the host UTC offset",UNTRIAGED,,,
C18-008,P3,G18_desktop_widgets_data,DESIGN GAP,"broker_status.hpp:192-196 · Whole session JSON, tokens included, is loaded into UI memory; ""never reads the token"" holds only at field level",UNTRIAGED,,,
C18-009,P3,G18_desktop_widgets_data,DESIGN GAP,"bar_csv.hpp:124-172,237-316 · No OHLC sanity check, duplicates survive the merge, no header-column check, exact ""x.500"" counted as rounded, `*100` overflow unchecked",UNTRIAGED,,,
C18-010,P3,G18_desktop_widgets_data,DESIGN GAP,master_lookup.hpp:110-168 · Parser's per-row drops are never surfaced; 8.8 MB master loaded synchronously,UNTRIAGED,,,
C18-011,P3,G18_desktop_widgets_data,CONFIRMED DEFECT,"real_tape.hpp:139-142,78; main.cpp:328 · A missing instrument directory's error is dropped whenever any other instrument loaded",UNTRIAGED,,,
C18-012,P3,G18_desktop_widgets_data,CONFIRMED DEFECT,"main_window.hpp:1488; feed_status.hpp:277-298 · `api_key_present` is hard-coded `true`, so NO API KEY can never show",UNTRIAGED,,,
C18-013,P2,G18_desktop_widgets_data,CONFIRMED DEFECT,"price_client.hpp:157,177-178; server/protocol.hpp:335 · Reassembly buffer is unbounded because `payload_len` is never capped; one bad header can grow memory to about 4 GiB in the engine process",UNTRIAGED,,,
C18-014,P3,G18_desktop_widgets_data,CONFIRMED DEFECT,"price_client.hpp:205-210,92-99 · Duplicate or backward seq is silently re-applied; seq state is not reset on reconnect",UNTRIAGED,,,
C18-015,P2,G18_desktop_widgets_data,CONFIRMED DEFECT,"live_feed.hpp:161-163; kite_link.hpp:260-265,399; kite_panel.hpp:355-356 · Synchronous subprocess waits on the GUI thread: up to 330 s, 600 s and 45 s",UNTRIAGED,,,
C18-016,P3,G18_desktop_widgets_data,CONFIRMED DEFECT,"kite_link.hpp:69-81,305,307 · Redaction only matches `request_token=`; a bare pasted token is echoed to the log",UNTRIAGED,,,
C18-017,P3,G18_desktop_widgets_data,CONFIRMED DEFECT,"filter.hpp:81-105 · ""-"", ""+"", ""."" parse as 0 and ""1.-5"" as 95 paise, then apply as a filter bound",UNTRIAGED,,,
C18-018,P3,G18_desktop_widgets_data,CONFIRMED DEFECT (by reading),filter.hpp:264-268 · Blank cells sort FIRST in both directions; the comment says LAST,UNTRIAGED,,,
C18-019,P3,G18_desktop_widgets_data,CONFIRMED DEFECT,"main_window.hpp:542-544; filter.hpp:316-317,377 · Volume and Seq filters are parsed as rupees, so the bound is 100x the typed value",UNTRIAGED,,,
C18-020,P3,G18_desktop_widgets_data,CONFIRMED DEFECT,"tick_model.hpp:95-103,179-185 · ""Change (INR)"" is against the first tick since reset, not the session open; volume also accumulates across sessions",UNTRIAGED,,,
C18-021,P3,G18_desktop_widgets_data,CONFIRMED DEFECT,"kite_panel.hpp:416-427,492,515,527; live_feed.hpp:264-271 · On a parse failure, the previous snapshot's figures stay on screen without their age; absent JSON numbers render as ₹0.00",UNTRIAGED,,,
C18-022,P3,G18_desktop_widgets_data,DESIGN GAP,"market_clock.hpp:82-98; main_window.hpp:254,476; bar_csv.hpp:199-200; real_tape.hpp:91-92 · Session times and a contract token/expiry are literals in the production window (rule 1)",UNTRIAGED,,,
C19-001,P3,G19_client_a,CONFIRMED,`client/src/export/rows.ts:83-100` · `csvSymbol`'s anti-retyping guard is defined and unit-tested but never called from the real export path; a Text-column value like `1E5` exports unguarded and Excel silently retypes it.,UNTRIAGED,,,
C19-002,P3,G19_client_a,HYPOTHESIS,"`client/src/grid/url.ts:192-198` · `decodeFilters` accepts a Money operand of unbounded digit length before `BigInt(text)`, with no analogue of `expr.ts`'s `MAX_EXPR_CHARS`.",UNTRIAGED,,,
C19-003,P3,G19_client_a,DESIGN GAP,`client/src/grid/url.ts:145-221` · `decodeFilters` has no explicit cap on the number of filter clauses parsed from one URL string.,UNTRIAGED,,,
C20-001,P3,G20_client_b,DESIGN GAP,"client/src/chart/ladder.ts:143-199 · `ladderRows` does not itself refuse a crossed snapshot; the refusal lives only in a separate `crossed()` function nothing in this module calls, and even this group's own test file bypasses `fromFrame` an",UNTRIAGED,,,
C20-002,P3,G20_client_b,HYPOTHESIS,"client/src/panels/strategy.ts:159-188, 255-256 · `EndSlopes.downside` is computed, documented (""As spot falls toward zero""), and exposed, but no bound decision anywhere in the module reads it, and no test asserts on it -- current output is ",UNTRIAGED,,,
C21-001,P2,G21_docs_cards_p0,CONFIRMED,"prompts/P0-01_core_types.md:313-319; core/types/units.hpp:339-373 · Card's `round_to_tick` behavioural spec never requires an overflow check on the final `quot * t`; shipped implementation has none, so a price near `Price::max()`/`min()` ca",FIXED_TESTED,CX02-D1 (correction card in CORRECTIONS.md),types (test_units_round_to_tick),"P0-01 item 9 amended; round_to_tick checks quot*t BEFORE the multiply. Overflow refused for max/Up, max/Nearest on a 4-tick, min/Down; the largest representable multiple still answers. ctest_cx-net_D2.log 140/140, 0 warnings."
C21-002,P2,G21_docs_cards_p0,CONFIRMED,prompts/P0-05b_core_mem_arena_pool.md:270-274; core/mem/pool.hpp:105-118 · Card's `Pool::release` spec covers null and foreign pointers but never specifies double-release-of-an-owned-block detection; implementation's `release()` re-pushes a,FIXED_TESTED,CX02-D2 (correction card in CORRECTIONS.md),"arena_pool (test_pool_double_release_is_counted_and_harmless, test_pool_and_arena_are_move_only)","P0-05b items 11-13 amended; release() of an owned-but-free block is refused and counted in double_releases(), in_use() cannot underflow, and the free list still hands out distinct blocks afterwards. Pool and Arena are move-only with a moved-from object owning nothing."
C21-003,P2,G21_docs_cards_p0,DESIGN GAP,prompts/P0-06b_core_lockfree_mpsc_seqlock.md:237-254; core/lockfree/seqlock.hpp:43-79 · Card mandates the classic seqlock idiom (`atomic_thread_fence` bracketing a plain non-atomic `value_ = v` write / `out = value_` read) with no `std::ato,FIXED_TESTED,CX02-C1 (correction card in CORRECTIONS.md),snapshot_slots 1-6; config,P0-06b/P0-08a amended in prompts/cx02/CORRECTIONS.md; SnapshotSlots implements slot publication with the Dekker argument and the free-slot proof in the header; interleavings forced deterministically through the Hooks parameter. No TSan (Linux only) and ASan is not race evidence -- stated in the header and the card.
C21-004,P2,G21_docs_cards_p0,DESIGN GAP,"prompts/P0-09a_core_invariant.md:19-22, 134-139, 227-228; core/invariant/conservation.hpp · the internal identity could be mistaken for external reconciliation, and signed intermediates could overflow even when the exact result cancels.",FIXED_TESTED,CX02-E1,"conservation: test_wide_intermediate_cancellation_is_exact; test_refused_fill_latches; test_reconcile_*","check() is documented and implemented as internal consistency using ExactSignedSum; refused fills latch; reconcile() compares independent cash/position and tests detect unbooked and phantom fills. Wiring snapshots from an actual venue/broker remains a CX-03 gate."
C22-001,P2,G22_docs_cards_rest_config_ops,CONFIRMED,"`prompts/P1-02a_nse_fo_master.md:3`, `P1-02b_nse_mktlots.md:3`, `P1-02c_nse_equity_master.md:3`, `P1-03a_bse_masters.md:3` · Four cards' status lines still say ""BLOCKED — needs one sample file""; all four were implemented 2026-09-01, with in",UNTRIAGED,,,
C22-002,P3,G22_docs_cards_rest_config_ops,CONFIRMED,"`prompts/P1-06_instruments_reconcile.md:150` vs `instruments/reconcile.hpp:31` · Card's interface contract names `enum class Verdict`; shipped code names it `ReconcileVerdict`. No `CONTRACT OBJECTION` comment anywhere, though RULES #3 requi",UNTRIAGED,,,
C22-003,P2,G22_docs_cards_rest_config_ops,CONFIRMED,`config/altair.toml` (whole file) · No C++ code anywhere in the tree reads any key from this file. The config-loading infrastructure exists and is tested against synthetic fixtures; nothing points it at `config/altair.toml` itself. `desktop,UNTRIAGED,,,
C22-004,P2,G22_docs_cards_rest_config_ops,CONFIRMED,"`prompts/ROADMAP_GAP.md:56-74` · Document's central finding (""no momentum/mean-reversion strategy — THE GAP"") was closed by commit `73ba133` about one hour after this document was committed the same day. `strategies/momentum.hpp` and `strat",UNTRIAGED,,,
C22-005,P3,G22_docs_cards_rest_config_ops,DESIGN GAP,"`ops/disaster-recovery.md:31-38` · The kill-switch procedure is `touch /var/lib/altair/KILL`, and the document elsewhere says the whole mechanism must work ""when the process is unresponsive"" — but nothing in the runbook says who creates `/v",UNTRIAGED,,,
C22-006,P3,G22_docs_cards_rest_config_ops,DESIGN GAP,"`prompts/PHASE13_PLAN.md:186-199` · ""38 cards on top of the current 156 → 194"" is now stale — `git log` shows work through at least Phase 41 at baseline HEAD. Expected aging for a forward plan, not a factual error (the ""Altair HAS"" table's ",UNTRIAGED,,,
