date,close,position
2007-09-17,6897.1,0
2007-09-18,7059.65,0
2007-09-19,7401.85,1
2007-09-20,7390.15,1
2007-09-21,7464.5,1
2007-09-24,7650.9,1
2007-09-25,7629.15,1
2007-09-26,7755.9,1
2007-09-27,7833.65,1
2007-09-28,8042.2,1
2007-10-01,7987.5,1
2007-10-03,8097.9,-1
2007-10-04,8035.9,-1
2007-10-05,7845.25,-1
2007-10-08,7626.4,-1
2007-10-09,7895.85,-1
2007-10-10,8030.65,1
2007-10-11,8158.8,1
2007-10-12,7934,-1
2007-10-15,8286.3,1
2007-10-16,8452.2,1
2007-10-17,8099.9,-1
2007-10-18,7608.75,-1
2007-10-19,7423.8,-1
2007-10-22,7568,-1
2007-10-23,8101.1,1
2007-10-24,8228.65,1
2007-10-25,8428.65,1
2007-10-26,8749.9,1
2007-10-29,9000.75,1
2007-10-30,8934.15,1
2007-10-31,9013.15,0
2007-11-01,9198.6,1
2007-11-02,9560.7,1
2007-11-05,9397.55,1
2007-11-06,9216.3,1
2007-11-07,9090.2,-1
2007-11-08,8876.25,-1
2007-11-12,8758.2,-1
2007-11-13,9060,1
2007-11-14,9613.05,1
2007-11-15,9454.7,1
2007-11-16,9474.15,1
2007-11-19,9396.25,0
2007-11-20,9277.85,-1
2007-11-21,8829.8,-1
2007-11-22,8998.8,-1
2007-11-23,8977.9,-1
2007-11-26,9122.45,1
2007-11-27,9070.75,1
2007-11-28,8970.85,-1
2007-11-29,9124.4,1
2007-11-30,9375.75,1
2007-12-03,9397.55,1
2007-12-04,9367.1,1
2007-12-05,9581.3,1
2007-12-06,9620.15,1
2007-12-07,9796.1,1
2007-12-10,9864.6,1
2007-12-11,10090.7,1
2007-12-12,10056.7,1
2007-12-13,9920.45,0
2007-12-14,9803.15,-1
2007-12-17,9426.7,-1
2007-12-18,9279.2,-1
2007-12-19,9240.35,-1
2007-12-20,9245.45,-1
2007-12-24,9563.55,1
2007-12-26,9755.2,1
2007-12-27,9785.05,1
2007-12-28,9828.35,1
2007-12-31,9863.45,1
2008-01-01,9905.25,1
2008-01-02,10250.85,1
2008-01-03,10100.7,1
2008-01-04,10233.2,1
2008-01-07,10391.1,-1
2008-01-08,10355.6,1
2008-01-09,10306.45,1
2008-01-10,10266.85,1
2008-01-11,10561.55,1
2008-01-14,10698.35,1
2008-01-15,10465.7,1
2008-01-16,10346.95,-1
2008-01-17,10261.5,-1
2008-01-18,9739.9,-1
2008-01-21,9038.95,-1
2008-01-22,8682.45,-1
2008-01-23,9259.2,-1
2008-01-24,9133.85,1
2008-01-25,9752.25,1
2008-01-28,9901.9,1
2008-01-29,9569.6,1
2008-01-30,9404.15,-1
2008-01-31,9226.25,-1
2008-02-01,9327.05,-1
2008-02-04,9561.5,1
2008-02-05,9397.8,1
2008-02-06,9185.65,-1
2008-02-07,8960.45,-1
2008-02-08,8817,-1
2008-02-11,8419.25,-1
2008-02-12,8512.35,-1
2008-02-13,8748.75,-1
2008-02-14,9125.2,1
2008-02-15,9380.05,1
2008-02-18,9404.2,1
2008-02-19,9423.45,1
2008-02-20,9129.1,-1
2008-02-21,8946.2,-1
2008-02-22,8685.1,-1
2008-02-25,8666.5,-1
2008-02-26,8742.25,-1
2008-02-27,8719.6,1
2008-02-28,8608.25,-1
2008-02-29,8688.35,-1
2008-03-03,8047.45,-1
2008-03-04,7736.6,-1
2008-03-05,7588.35,-1
2008-03-07,7268.15,-1
2008-03-10,7272.5,-1
2008-03-11,7356.4,1
2008-03-12,7341.55,1
2008-03-13,6914.65,-1
2008-03-14,7106,-1
2008-03-17,6556.2,-1
2008-03-18,6472.8,-1
2008-03-19,6456.55,-1
2008-03-24,6634.6,0
2008-03-25,7147.15,1
2008-03-26,7120.9,1
2008-03-27,6969.3,1
2008-03-28,7037.85,-1
2008-03-31,6655,-1
2008-04-01,6608.1,-1
2008-04-02,6772.7,-1
2008-04-03,6746.1,0
2008-04-04,6545.15,-1
2008-04-07,6832.4,1
2008-04-08,6862.7,1
2008-04-09,7059.55,1
2008-04-10,6872.85,1
2008-04-11,6838.45,1
2008-04-15,6916.75,-1
2008-04-16,6951.9,1
2008-04-17,7165.05,1
2008-04-21,7425.45,1
2008-04-22,7520.9,1
2008-04-23,7378.05,1
2008-04-24,7391.9,0
2008-04-25,7616.3,1
2008-04-28,7590.05,1
2008-04-29,7737.45,1
2008-04-30,7629,1
2008-05-02,7871.9,1
2008-05-05,7851.5,1
2008-05-06,7814.55,-1
2008-05-07,7743.6,-1
2008-05-08,7518.8,-1
2008-05-09,7299,-1
2008-05-12,7330.55,-1
2008-05-13,7340.95,-1
2008-05-14,7324.85,0
2008-05-15,7508.15,1
2008-05-16,7644.6,1
2008-05-20,7459.2,1
2008-05-21,7374.25,-1
2008-05-22,7147.3,-1
2008-05-23,7009.05,-1
2008-05-26,6767.45,-1
2008-05-27,6593.95,-1
2008-05-28,6780.9,-1
2008-05-29,6576.75,-1
2008-05-30,6584.35,-1
2008-06-02,6347.15,-1
2008-06-03,6301.2,-1
2008-06-04,6113.65,-1
2008-06-05,6211.8,-1
2008-06-06,6140.05,-1
2008-06-09,5949.2,-1
2008-06-10,5814.35,-1
2008-06-11,5971.25,1
2008-06-12,5999.35,1
2008-06-13,5993.15,1
2008-06-16,6127.75,1
2008-06-17,6425.65,1
2008-06-18,6200.55,1
2008-06-19,5957.25,-1
2008-06-20,5758.6,-1
2008-06-23,5593.75,-1
2008-06-24,5489.85,-1
2008-06-25,5480.7,-1
2008-06-26,5512.15,-1
2008-06-27,5210.9,-1
2008-06-30,5027.05,-1
2008-07-01,4732.85,-1
2008-07-02,5025.75,-1
2008-07-03,4851.35,0
2008-07-04,4990.9,0
2008-07-07,5075.6,1
2008-07-08,5106.8,1
2008-07-09,5341.45,1
2008-07-10,5339,1
2008-07-11,5240.7,-1
2008-07-14,5207.75,-1
2008-07-15,4838.95,-1
2008-07-16,4726.45,-1
2008-07-17,5034.75,-1
2008-07-18,5389.15,1
2008-07-21,5601.5,1
2008-07-22,5793.7,1
2008-07-23,6343.15,1
2008-07-24,6213.6,1
2008-07-25,5917.25,-1
2008-07-28,5919.15,-1
2008-07-29,5422.15,-1
2008-07-30,5719.45,-1
2008-07-31,5730.05,-1
2008-08-01,5961.9,1
2008-08-04,5992.4,1
2008-08-05,6371.7,1
2008-08-06,6328.2,1
2008-08-07,6363.15,1
2008-08-08,6447.5,-1
2008-08-11,6723.2,1
2008-08-12,6490.8,1
2008-08-13,6370.75,-1
2008-08-14,6030.05,-1
2008-08-18,6015.05,-1
2008-08-19,5992.4,-1
2008-08-20,6026.3,-1
2008-08-21,5711.55,-1
2008-08-22,5776.05,-1
2008-08-25,5860.8,-1
2008-08-26,5943.2,0
2008-08-27,5823.55,0
2008-08-28,5721.15,-1
2008-08-29,6102.05,1
2008-09-01,6128.85,1
2008-09-02,6508.9,1
2008-09-04,6494.65,1
2008-09-05,6288.6,1
2008-09-08,6538.85,1
2008-09-09,6441.35,1
2008-09-10,6427.55,-1
2008-09-11,6332.25,-1
2008-09-12,6194.15,-1
2008-09-15,5997.65,-1
2008-09-16,6132.95,-1
2008-09-17,5912.5,1
2008-09-18,6077.2,-1
2008-09-19,6312.05,1
2008-09-22,6303.9,1
2008-09-23,6033.35,-1
2008-09-24,6109.65,-1
2008-09-25,6080.2,-1
2008-09-26,5828.6,-1
2008-09-29,5538.75,-1
2008-09-30,5803.55,-1
2008-10-01,5982.4,1
2008-10-03,5793.35,1
2008-10-06,5560.55,-1
2008-10-07,5457.55,-1
2008-10-08,5222.6,-1
2008-10-10,4938,-1
2008-10-13,5496.75,1
2008-10-14,5578.4,1
2008-10-15,5425.25,1
2008-10-16,5481.65,-1
2008-10-17,5183.55,1
2008-10-20,5284.2,-1
2008-10-21,5414.5,-1
2008-10-22,5095.75,-1
2008-10-23,4932.4,-1
2008-10-24,4310.05,-1
2008-10-27,4092.9,-1
2008-10-29,4280.45,-1
2008-10-31,4521.7,1
2008-11-03,4875.7,1
2008-11-04,5220.7,1
2008-11-05,5121.3,1
2008-11-06,4940,1
2008-11-07,5043.55,-1
2008-11-10,5261.15,1
2008-11-11,4945.7,1
2008-11-12,4748.15,-1
2008-11-14,4719.4,-1
2008-11-17,4545.3,-1
2008-11-18,4346.75,-1
2008-11-19,4233.7,-1
2008-11-20,4086.9,-1
2008-11-21,4300.7,-1
2008-11-24,4164.75,0
2008-11-25,4053.2,-1
2008-11-26,4267.9,-1
2008-11-28,4291.15,-1
2008-12-01,4124.3,1
2008-12-02,4099.3,-1
2008-12-03,4220.35,-1
2008-12-04,4446.65,1
2008-12-05,4357,1
2008-12-08,4429.85,1
2008-12-10,4550.75,1
2008-12-11,4597.15,1
2008-12-12,4655.3,-1
2008-12-15,4707.5,1
2008-12-16,4820.65,1
2008-12-17,4789.65,1
2008-12-18,5122.95,1
2008-12-19,5144.15,1
2008-12-22,5036.5,1
2008-12-23,4858.35,-1
2008-12-24,4930.25,-1
2008-12-26,4789.45,1
2008-12-29,4953.95,-1
2008-12-30,5062.2,1
2008-12-31,5001.55,1
2009-01-02,5195.1,1
2009-01-05,5359.4,1
2009-01-06,5395.3,1
2009-01-07,4984.55,-1
2009-01-09,4906.7,-1
2009-01-12,4698,-1
2009-01-13,4661.7,-1
2009-01-14,4751.1,-1
2009-01-15,4484.65,-1
2009-01-16,4581.25,-1
2009-01-19,4542.25,1
2009-01-20,4402.35,-1
2009-01-21,4252.3,-1
2009-01-22,4289.8,-1
2009-01-23,4082.15,-1
2009-01-27,4199.55,-1
2009-01-28,4340.1,1
2009-01-29,4362.05,1
2009-01-30,4456.55,1
2009-02-02,4238.15,-1
2009-02-03,4253.8,-1
2009-02-04,4251.2,-1
2009-02-05,4235.35,0
2009-02-06,4334.15,0
2009-02-09,4459.5,1
2009-02-10,4515.8,1
2009-02-11,4504.3,1
2009-02-12,4468.35,0
2009-02-13,4565.85,1
2009-02-16,4351.45,-1
2009-02-17,4164.3,-1
2009-02-18,4077.3,-1
2009-02-19,4059.15,-1
2009-02-20,3934.4,-1
2009-02-24,3878.6,-1
2009-02-25,3911.7,-1
2009-02-26,3834.9,-1
2009-02-27,3892.4,-1
2009-03-02,3718.35,-1
2009-03-03,3636.85,-1
2009-03-04,3586.9,-1
2009-03-05,3446.35,-1
2009-03-06,3455.35,-1
2009-03-09,3339.7,-1
2009-03-12,3442.55,-1
2009-03-13,3632.75,1
2009-03-16,3736.65,1
2009-03-17,3644.65,1
2009-03-18,3727.65,0
2009-03-19,3763.5,1
2009-03-20,3691.7,-1
2009-03-23,3944.75,1
2009-03-24,4008.05,1
2009-03-25,4126.45,1
2009-03-26,4285.15,1
2009-03-27,4406.8,1
2009-03-30,4035.7,-1
2009-03-31,4133.2,-1
2009-04-01,4211.45,-1
2009-04-02,4426.05,1
2009-04-06,4487.1,1
2009-04-08,4479.35,-1
2009-04-09,4584.8,1
2009-04-13,4818,1
2009-04-15,5049.45,1
2009-04-16,4915.75,1
2009-04-17,5056.9,1
2009-04-20,5009.2,1
2009-04-21,4853.9,-1
2009-04-22,4813.3,-1
2009-04-23,4968.4,1
2009-04-24,5125.35,1
2009-04-27,5182.75,1
2009-04-28,4931.3,-1
2009-04-29,5130.95,-1
2009-05-04,5504.05,1
2009-05-05,5596.2,1
2009-05-06,5446.45,1
2009-05-07,5577.3,0
2009-05-08,5409.75,-1
2009-05-11,5343.6,-1
2009-05-12,5585.55,1
2009-05-13,5523.75,1
2009-05-14,5495.1,1
2009-05-15,5695.05,1
2009-05-18,6766.55,1
2009-05-19,7268.2,1
2009-05-20,7128.6,1
2009-05-21,6905.05,1
2009-05-22,7036.3,-1
2009-05-25,7049.75,-1
2009-05-26,6851.1,-1
2009-05-27,7215.2,1
2009-05-28,7338.6,1
2009-05-29,7414.35,1
2009-06-01,7376,1
2009-06-02,7374.55,-1
2009-06-03,7262.3,-1
2009-06-04,7347.35,-1
2009-06-05,7348.4,1
2009-06-08,6975.05,-1
2009-06-09,7185.75,-1
2009-06-10,7338.95,1
2009-06-11,7251.65,1
2009-06-12,7083.1,-1
2009-06-15,7081.2,-1
2009-06-16,7274.15,-1
2009-06-17,7081.75,1
2009-06-18,7081.15,-1
2009-06-19,7223.55,-1
2009-06-22,7229.55,1
2009-06-23,7091.3,-1
2009-06-24,7107.9,-1
2009-06-25,7123,1
2009-06-26,7398.45,1
2009-06-29,7508.6,1
2009-06-30,7338.85,1
2009-07-01,7452.6,-1
2009-07-02,7397.95,-1
2009-07-03,7566.05,1
2009-07-06,6946.45,-1
2009-07-07,6952.6,-1
2009-07-08,6661.75,-1
2009-07-09,6672.75,-1
2009-07-10,6520.6,-1
2009-07-13,6531.3,-1
2009-07-14,6756.4,1
2009-07-15,6938.7,1
2009-07-16,6912.4,1
2009-07-17,7231.05,1
2009-07-20,7530.2,1
2009-07-21,7430.4,1
2009-07-22,7329.55,1
2009-07-23,7473.5,0
2009-07-24,7385.55,0
2009-07-27,7398.65,-1
2009-07-28,7312.55,-1
2009-07-29,7224.2,-1
2009-07-30,7389.7,-1
2009-07-31,7544.5,1
2009-08-03,7650.1,1
2009-08-04,7617.8,1
2009-08-05,7607.5,1
2009-08-06,7471.8,-1
2009-08-07,7249.5,-1
2009-08-10,7160,-1
2009-08-11,7218.25,-1
2009-08-12,7172.05,-1
2009-08-13,7472.4,1
2009-08-14,7418.95,1
2009-08-17,7104.85,-1
2009-08-18,7207.25,-1
2009-08-19,7106.7,-1
2009-08-20,7261.2,1
2009-08-21,7377.1,1
2009-08-24,7507.4,1
2009-08-25,7424.5,1
2009-08-26,7418.35,0
2009-08-27,7385.65,0
2009-08-28,7482.4,1
2009-08-31,7431.65,1
2009-09-01,7377.2,-1
2009-09-02,7339.55,-1
2009-09-03,7351,-1
2009-09-04,7444.15,1
2009-09-07,7650.65,1
2009-09-08,7717.9,1
2009-09-09,7776.2,1
2009-09-10,7828.3,1
2009-09-11,7914.95,1
2009-09-14,7985.6,1
2009-09-15,8210.7,1
2009-09-16,8362.8,1
2009-09-17,8433.35,1
2009-09-18,8379.25,1
2009-09-22,8452,0
2009-09-23,8423.7,1
2009-09-24,8545,-1
2009-09-25,8456.25,-1
2009-09-29,8487.7,0
2009-09-30,8812.35,1
2009-10-01,8861.05,1
2009-10-05,8661.7,1
2009-10-06,8808.4,-1
2009-10-07,8750,1
2009-10-08,8834.6,1
2009-10-09,8696.8,-1
2009-10-12,8963.8,1
2009-10-14,9150,1
2009-10-15,9296.75,1
2009-10-16,9526.7,1
2009-10-20,9476.4,1
2009-10-21,9273.05,-1
2009-10-22,9090.1,-1
2009-10-23,9188.4,-1
2009-10-26,9033.85,-1
2009-10-27,8698.8,-1
2009-10-28,8609.1,-1
2009-10-29,8417.85,-1
2009-10-30,8438.6,1
2009-11-03,8255.45,-1
2009-11-04,8506.75,-1
2009-11-05,8537.2,1
2009-11-06,8723.75,1
2009-11-09,9137.5,1
2009-11-10,9179.5,1
2009-11-11,9337.6,1
2009-11-12,9084.8,-1
2009-11-13,9155.65,-1
2009-11-16,9266.4,1
2009-11-17,9299.6,1
2009-11-18,9223.85,0
2009-11-19,9041.65,-1
2009-11-20,9219.05,-1
2009-11-23,9274.1,1
2009-11-24,9247.65,1
2009-11-25,9303.15,1
2009-11-26,9067.65,-1
2009-11-27,8945.05,-1
2009-11-30,9046.95,-1
2009-12-01,9250.95,1
2009-12-02,9327.25,1
2009-12-03,9345.25,1
2009-12-04,9245.05,-1
2009-12-07,9175.6,-1
2009-12-08,9290.1,-1
2009-12-09,9146.35,-1
2009-12-10,9205.65,-1
2009-12-11,9097.2,1
2009-12-14,8996.75,-1
2009-12-15,8734.45,-1
2009-12-16,8667.4,-1
2009-12-17,8697.2,-1
2009-12-18,8599.95,-1
2009-12-21,8609.55,-1
2009-12-22,8712.5,1
2009-12-23,8919.05,1
2009-12-24,8968.1,1
2009-12-29,8991.9,1
2009-12-30,8994.6,1
2009-12-31,9029.5,1
2010-01-04,9112.35,1
2010-01-05,9192.15,1
2010-01-06,9223,1
2010-01-07,9192.95,-1
2010-01-08,9160.7,-1
2010-01-11,9173.55,-1
2010-01-12,8985.1,-1
2010-01-13,8926.1,-1
2010-01-14,8910.8,-1
2010-01-15,8911.1,0
2010-01-18,9093.25,1
2010-01-19,9135.9,1
2010-01-20,9126.35,1
2010-01-21,8919.3,-1
2010-01-22,8772.65,-1
2010-01-25,8696.6,-1
2010-01-27,8329.8,-1
2010-01-28,8423.85,-1
2010-01-29,8651.55,1
2010-02-01,8649.25,1
2010-02-02,8468.15,1
2010-02-03,8631.85,0
2010-02-04,8471.1,0
2010-02-05,8223.25,-1
2010-02-08,8342.2,-1
2010-02-09,8392.45,1
2010-02-10,8290,1
2010-02-11,8381.4,1
2010-02-15,8312.7,1
2010-02-16,8397.8,0
2010-02-17,8551.5,1
2010-02-18,8573.9,1
2010-02-19,8487.1,-1
2010-02-22,8493.35,-1
2010-02-23,8512.95,0
2010-02-24,8504.55,0
2010-02-25,8537.8,0
2010-02-26,8722.75,1
2010-03-02,8922.1,1
2010-03-03,9039.45,1
2010-03-04,9013.8,1
2010-03-05,9038.45,1
2010-03-08,9145.95,1
2010-03-09,9138.2,1
2010-03-10,9119.25,0
2010-03-11,9186.85,1
2010-03-12,9172.9,1
2010-03-15,9085.5,-1
2010-03-16,9102.95,-1
2010-03-17,9188.4,1
2010-03-18,9252.3,1
2010-03-19,9270.8,1
2010-03-22,9186.95,-1
2010-03-23,9222.9,-1
2010-03-25,9318.25,1
2010-03-26,9456.2,1
2010-03-29,9517.6,1
2010-03-30,9470.3,1
2010-03-31,9459.6,-1
2010-04-01,9507.75,-1
2010-04-05,9698.6,1
2010-04-06,9728.2,1
2010-04-07,9681.05,1
2010-04-08,9520,-1
2010-04-09,9656.5,-1
2010-04-12,9575.45,0
2010-04-13,9483,-1
2010-04-15,9344.6,-1
2010-04-16,9353.75,-1
2010-04-19,9302.9,-1
2010-04-20,9446.1,1
2010-04-21,9555.3,1
2010-04-22,9623.25,1
2010-04-23,9813.3,1
2010-04-26,9839.15,1
2010-04-27,9756.45,1
2010-04-28,9634.9,-1
2010-04-29,9803.8,-1
2010-04-30,9870.35,1
2010-05-03,9775.5,1
2010-05-04,9623.7,-1
2010-05-05,9581.85,-1
2010-05-06,9582,-1
2010-05-07,9276.1,-1
2010-05-10,9656.25,1
2010-05-11,9626.1,1
2010-05-12,9722.2,1
2010-05-13,9773.35,1
2010-05-14,9589.05,-1
2010-05-17,9526.5,-1
2010-05-18,9492.25,-1
2010-05-19,9108.35,-1
2010-05-20,9174.6,-1
2010-05-21,9135.7,-1
2010-05-24,9087.25,1
2010-05-25,8851.75,-1
2010-05-26,9027.6,-1
2010-05-27,9258.45,1
2010-05-28,9312.6,1
2010-05-31,9363.7,1
2010-06-01,9119.05,-1
2010-06-02,9192.45,-1
2010-06-03,9387.7,1
2010-06-04,9455.95,1
2010-06-07,9292.6,-1
2010-06-08,9185.3,-1
2010-06-09,9238.2,0
2010-06-10,9346.45,0
2010-06-11,9451.75,1
2010-06-14,9534.1,1
2010-06-15,9554.4,1
2010-06-16,9588.9,1
2010-06-17,9613.4,1
2010-06-18,9576.25,0
2010-06-21,9758.05,1
2010-06-22,9675.5,1
2010-06-23,9718.95,-1
2010-06-24,9673.6,-1
2010-06-25,9451.1,-1
2010-06-28,9542.2,-1
2010-06-29,9381.4,-1
2010-06-30,9464.6,-1
2010-07-01,9349.4,-1
2010-07-02,9357.15,-1
2010-07-05,9385.35,1
2010-07-06,9550.9,1
2010-07-07,9449.25,1
2010-07-08,9566.6,1
2010-07-09,9713.7,1
2010-07-12,9850.6,1
2010-07-13,9931.6,1
2010-07-14,9956.65,1
2010-07-15,9932.1,1
2010-07-16,10013.45,0
2010-07-19,10032.5,1
2010-07-20,9976,1
2010-07-21,9992.15,-1
2010-07-22,10060.25,-1
2010-07-23,10093.9,1
2010-07-26,10024,1
2010-07-27,10090.65,-1
2010-07-28,10068.15,-1
2010-07-29,10179.7,1
2010-07-30,10161,1
2010-08-02,10411.5,1
2010-08-03,10502.65,1
2010-08-04,10489.3,1
2010-08-05,10454.9,0
2010-08-06,10383.65,-1
2010-08-09,10524.1,-1
2010-08-10,10519.95,1
2010-08-11,10428.65,-1
2010-08-12,10583.65,1
2010-08-13,10737.35,1
2010-08-16,10680.55,1
2010-08-17,10770.25,1
2010-08-18,10894.05,1
2010-08-19,11110.5,1
2010-08-20,11033.75,1
2010-08-23,11095.5,1
2010-08-24,11043,1
2010-08-25,10937.85,-1
2010-08-26,10981.7,-1
2010-08-27,10727.45,-1
2010-08-30,10747.25,-1
2010-08-31,10746.35,-1
2010-09-01,10879.75,1
2010-09-02,10980.6,1
2010-09-03,10991.2,1
2010-09-06,11218.8,1
2010-09-07,11192.95,1
2010-09-08,11190.05,1
2010-09-09,11446.7,1
2010-09-13,11872.85,1
2010-09-14,11928.35,1
2010-09-15,11987.6,1
2010-09-16,12032.05,1
2010-09-17,12104.1,1
2010-09-20,12251.2,1
2010-09-21,12244.95,1
2010-09-22,12305.7,1
2010-09-23,12146.3,-1
2010-09-24,12263.55,-1
2010-09-27,12253.2,1
2010-09-28,12272.4,1
2010-09-29,12237.55,0
2010-09-30,12366.35,1
2010-10-01,12556.75,1
2010-10-04,12651.3,1
2010-10-05,12596.5,1
2010-10-06,12629.2,0
2010-10-07,12536.6,-1
2010-10-08,12473.4,-1
2010-10-11,12513,-1
2010-10-12,12461.8,-1
2010-10-13,12745,1
2010-10-14,12598.85,1
2010-10-15,12346.45,-1
2010-10-18,12331.3,-1
2010-10-19,12245.65,-1
2010-10-20,12176.5,-1
2010-10-21,12435.8,-1
2010-10-22,12384.8,1
2010-10-25,12424.7,1
2010-10-26,12332.65,1
2010-10-27,12182.65,-1
2010-10-28,12105.3,-1
2010-10-29,12330.75,1
2010-11-01,12734.9,1
2010-11-02,12770.9,1
2010-11-03,12891.8,1
2010-11-04,13182.9,1
2010-11-08,13105.1,1
2010-11-09,13121.35,-1
2010-11-10,13007.1,-1
2010-11-11,12823.6,-1
2010-11-12,12457.3,-1
2010-11-15,12762.15,-1
2010-11-16,12524.45,1
2010-11-18,12315.15,-1
2010-11-19,12062.95,-1
2010-11-22,12390.1,-1
2010-11-23,12206.45,-1
2010-11-24,11842.55,-1
2010-11-25,11652.4,-1
2010-11-26,11668.85,-1
2010-11-29,11828.35,-1
2010-11-30,11952.6,1
2010-12-01,12310.75,1
2010-12-02,12472.6,1
2010-12-03,12349.2,1
2010-12-06,12051.2,-1
2010-12-07,11695.3,-1
2010-12-08,11460.2,-1
2010-12-09,11116.05,-1
2010-12-10,11447,-1
2010-12-13,11518.1,1
2010-12-14,11560.5,1
2010-12-15,11196.3,-1
2010-12-16,11424.15,-1
2010-12-20,11267.1,-1
2010-12-21,11537.25,1
2010-12-22,11467.7,1
2010-12-23,11469.05,1
2010-12-24,11477.05,-1
2010-12-27,11470.95,1
2010-12-28,11427.3,1
2010-12-29,11612.9,1
2010-12-30,11629.3,1
2010-12-31,11791.45,1
2011-01-03,11855.75,1
2011-01-04,11564.05,-1
2011-01-05,11305.45,-1
2011-01-06,11186.8,-1
2011-01-07,11053.35,-1
2011-01-10,10700.65,-1
2011-01-11,10833.55,-1
2011-01-12,11128.15,1
2011-01-13,10716.65,1
2011-01-14,10432.9,-1
2011-01-17,10471.1,-1
2011-01-18,10618.5,-1
2011-01-19,10615.15,1
2011-01-20,10798.35,-1
2011-01-21,10889.4,1
2011-01-24,11151.15,1
2011-01-25,10872.95,1
2011-01-27,10676.15,-1
2011-01-28,10578.25,-1
2011-01-31,10641.85,-1
2011-02-01,10481.2,-1
2011-02-02,10470.15,-1
2011-02-03,10670.6,1
2011-02-04,10433.85,-1
2011-02-07,10384.05,-1
2011-02-08,10147.75,-1
2011-02-09,10116.65,-1
2011-02-10,10074.1,-1
2011-02-11,10447.75,1
2011-02-14,10802.55,1
2011-02-15,10959.7,1
2011-02-16,10960.7,1
2011-02-17,11134.7,1
2011-02-18,10949.7,1
2011-02-21,11050.1,-1
2011-02-22,10836.8,-1
2011-02-23,10646.45,-1
2011-02-24,10210.75,-1
2011-02-25,10435.85,-1
2011-02-28,10435.35,1
2011-03-01,10885.4,1
2011-03-03,10914.5,1
2011-03-04,10963.4,1
2011-03-07,10782.25,-1
2011-03-08,10931.55,-1
2011-03-09,10974.8,1
2011-03-10,10850.25,1
2011-03-11,10740.95,-1
2011-03-14,10893.25,-1
2011-03-15,10725.8,-1
2011-03-16,10957.6,1
2011-03-17,10851.95,1
2011-03-18,10715.9,-1
2011-03-21,10723.6,-1
2011-03-22,10771.3,-1
2011-03-23,10958.1,1
2011-03-24,11070.35,1
2011-03-25,11387.3,1
2011-03-28,11523.4,1
2011-03-29,11582.5,1
2011-03-30,11765.2,1
2011-03-31,11705.45,1
2011-04-01,11590.95,-1
2011-04-04,11804.3,-1
2011-04-05,11798.9,1
2011-04-06,11730.05,1
2011-04-07,11754.4,-1
2011-04-08,11673.25,1
2011-04-11,11597.8,-1
2011-04-13,11839.5,1
2011-04-15,11735.65,1
2011-04-18,11539.75,1
2011-04-19,11586.75,-1
2011-04-20,11794.55,-1
2011-04-21,11894.75,1
2011-04-25,11879,1
2011-04-26,11867.7,-1
2011-04-27,11779.85,-1
2011-04-28,11684.8,-1
2011-04-29,11483.75,-1
2011-05-02,11243.8,-1
2011-05-03,10898.3,-1
2011-05-04,10913.35,-1
2011-05-05,10730.1,-1
2011-05-06,11145.1,1
2011-05-09,11076.5,1
2011-05-10,11009.4,1
2011-05-11,11059.05,-1
2011-05-12,10887.45,-1
2011-05-13,11020.95,1
2011-05-16,10912.35,1
2011-05-17,10668.85,-1
2011-05-18,10599.05,-1
2011-05-19,10558.35,-1
2011-05-20,10664.1,1
2011-05-23,10368.25,-1
2011-05-24,10425.55,-1
2011-05-25,10355.8,-1
2011-05-26,10468.3,-1
2011-05-27,10722.65,1
2011-05-30,10781.45,1
2011-05-31,11020.85,1
2011-06-01,11033.4,1
2011-06-02,10839.25,-1
2011-06-03,10782,-1
2011-06-06,10854.65,-1
2011-06-07,10873.45,-1
2011-06-08,10791.45,0
2011-06-09,10785.4,-1
2011-06-10,10714.25,-1
2011-06-13,10717.5,-1
2011-06-14,10803.95,1
2011-06-15,10626.65,-1
2011-06-16,10572.15,-1
2011-06-17,10598.25,-1
2011-06-20,10484.3,-1
2011-06-21,10459.15,-1
2011-06-22,10475.2,0
2011-06-23,10526.45,-1
2011-06-24,10854.5,1
2011-06-27,11032.5,1
2011-06-28,11054.05,1
2011-06-29,11153.35,1
2011-06-30,11244.65,1
2011-07-01,11255,1
2011-07-04,11379.8,1
2011-07-05,11406.1,1
2011-07-06,11283.05,-1
2011-07-07,11426.1,1
2011-07-08,11285.15,1
2011-07-11,11135.5,-1
2011-07-12,11022.55,-1
2011-07-13,11142.25,-1
2011-07-14,11263.8,1
2011-07-15,11234.55,1
2011-07-18,11228.85,1
2011-07-19,11313.85,1
2011-07-20,11164.7,-1
2011-07-21,11049.8,-1
2011-07-22,11291.95,-1
2011-07-25,11391.8,1
2011-07-26,11114.55,-1
2011-07-27,11000.15,-1
2011-07-28,10828.5,-1
2011-07-29,10893.65,-1
2011-08-01,10939,1
2011-08-02,10743.3,-1
2011-08-03,10639.55,-1
2011-08-04,10537.05,-1
2011-08-05,10354.5,-1
2011-08-08,10232.3,-1
2011-08-09,10196.55,-1
2011-08-10,10463.2,1
2011-08-11,10338.8,1
2011-08-12,10182.7,-1
2011-08-16,10056.4,-1
2011-08-17,9953.2,-1
2011-08-18,9601.5,-1
2011-08-19,9404.85,-1
2011-08-22,9407.35,-1
2011-08-23,9488.7,-1
2011-08-24,9331.85,1
2011-08-25,9177.25,-1
2011-08-26,8974.55,-1
2011-08-29,9342.45,-1
2011-08-30,9533.4,1
2011-09-02,9581.35,1
2011-09-05,9614.05,1
2011-09-06,9657.6,-1
2011-09-07,9858.9,1
2011-09-08,9920.05,1
2011-09-09,9678.7,-1
2011-09-12,9395.25,-1
2011-09-13,9339.7,-1
2011-09-14,9472.45,0
2011-09-15,9660.35,1
2011-09-16,9720.25,1
2011-09-19,9583.55,1
2011-09-20,9812.7,1
2011-09-21,9929,1
2011-09-22,9520.6,-1
2011-09-23,9375.7,-1
2011-09-26,9384.5,-1
2011-09-27,9619.95,1
2011-09-28,9512.15,1
2011-09-29,9653.4,1
2011-09-30,9468.3,1
2011-10-03,9185.9,-1
2011-10-04,8913.35,-1
2011-10-05,8701.3,-1
2011-10-07,9038.25,-1
2011-10-10,9168.9,1
2011-10-11,9178.65,1
2011-10-12,9482.3,1
2011-10-13,9591.25,1
2011-10-14,9660.4,1
2011-10-17,9721.3,1
2011-10-18,9583.9,-1
2011-10-19,9841.35,1
2011-10-20,9746.4,1
2011-10-21,9695.35,0
2011-10-24,9647.85,-1
2011-10-25,9511.6,-1
2011-10-28,9917.05,1
2011-10-31,9989.65,1
2011-11-01,9822.25,-1
2011-11-02,9781.05,-1
2011-11-03,9782.5,-1
2011-11-04,9836.35,1
2011-11-08,9852.55,1
2011-11-09,9592.65,-1
2011-11-11,9292.55,-1
2011-11-14,9275,-1
2011-11-15,9085.7,-1
2011-11-16,9061.55,-1
2011-11-17,8930.9,-1
2011-11-18,8850.25,-1
2011-11-21,8554.15,-1
2011-11-22,8611.7,-1
2011-11-23,8399.3,-1
2011-11-24,8472.5,-1
2011-11-25,8488.6,1
2011-11-28,8793.15,1
2011-11-29,8623.9,1
2011-11-30,8564.1,-1
2011-12-01,8895.3,1
2011-12-02,9172.75,1
2011-12-05,9173.75,1
2011-12-07,9176.25,1
2011-12-08,8915.7,-1
2011-12-09,8811.1,-1
2011-12-12,8543.4,-1
2011-12-13,8571.95,-1
2011-12-14,8533,-1
2011-12-15,8445.1,-1
2011-12-16,8171.9,-1
2011-12-19,7920.75,-1
2011-12-20,7798.55,-1
2011-12-21,8189.15,1
2011-12-22,8384.65,1
2011-12-23,8296.45,1
2011-12-26,8374.55,1
2011-12-27,8275.5,-1
2011-12-28,8111.4,-1
2011-12-29,8027.4,-1
2011-12-30,7968.65,-1
2012-01-02,7995.05,-1
2012-01-03,8340.3,1
2012-01-04,8408.4,1
2012-01-05,8454.9,1
2012-01-06,8488.25,1
2012-01-09,8481.35,0
2012-01-10,8735.05,1
2012-01-11,8839.7,1
2012-01-12,8930.25,1
2012-01-13,8975.05,1
2012-01-16,8940.25,-1
2012-01-17,9056.7,1
2012-01-18,9023.4,1
2012-01-19,9199.4,1
2012-01-20,9516.85,1
2012-01-23,9520.3,1
2012-01-24,9834,1
2012-01-25,9856.6,1
2012-01-27,9813.65,1
2012-01-30,9537.1,-1
2012-01-31,9919.45,-1
2012-02-01,9949.1,1
2012-02-02,9992.05,1
2012-02-03,10133.65,1
2012-02-06,10269.25,1
2012-02-07,10324.6,1
2012-02-08,10320.1,1
2012-02-09,10507.6,1
2012-02-10,10442.65,1
2012-02-13,10473.6,1
2012-02-14,10556.65,1
2012-02-15,10930.7,1
2012-02-16,10921.9,1
2012-02-17,11074.9,1
2012-02-21,11170.4,1
2012-02-22,10747.15,-1
2012-02-23,10713.35,-1
2012-02-24,10506.8,-1
2012-02-27,10103.95,-1
2012-02-28,10484,-1
2012-02-29,10414.2,1
2012-03-01,10288.9,-1
2012-03-02,10434.3,-1
2012-03-05,10178.85,-1
2012-03-06,10058.15,-1
2012-03-07,10132.85,-1
2012-03-09,10505.65,1
2012-03-12,10625.65,1
2012-03-13,10686.2,1
2012-03-14,10889.7,1
2012-03-15,10595,-1
2012-03-16,10391.35,-1
2012-03-19,10188.85,-1
2012-03-20,10281.6,-1
2012-03-21,10524.45,1
2012-03-22,10173.55,-1
2012-03-23,10294.55,-1
2012-03-26,10043.5,-1
2012-03-27,10148.85,-1
2012-03-28,9960.4,-1
2012-03-29,9927.65,-1
2012-03-30,10212.75,1
2012-04-02,10305.35,1
2012-04-03,10432.6,1
2012-04-04,10340.1,1
2012-04-09,10131.6,-1
2012-04-10,10196.05,-1
2012-04-11,10214.25,1
2012-04-12,10400.7,1
2012-04-13,10306.25,1
2012-04-16,10432.7,0
2012-04-17,10519.55,1
2012-04-18,10512.45,1
2012-04-19,10567.9,1
2012-04-20,10456.5,-1
2012-04-23,10243.15,-1
2012-04-24,10215.15,-1
2012-04-25,10159.85,-1
2012-04-26,10128,-1
2012-04-27,10148.7,-1
2012-04-30,10276.8,1
2012-05-02,10306.6,1
2012-05-03,10126.55,-1
2012-05-04,9802.35,-1
2012-05-07,9876.35,-1
2012-05-08,9588.75,-1
2012-05-09,9404.8,-1
2012-05-10,9410.9,-1
2012-05-11,9398.1,-1
2012-05-14,9257.65,-1
2012-05-15,9319.7,-1
2012-05-16,9164.25,-1
2012-05-17,9154.2,-1
2012-05-18,9310.25,1
2012-05-21,9412,1
2012-05-22,9268.8,1
2012-05-23,9209.9,-1
2012-05-24,9437.6,-1
2012-05-25,9456.3,1
2012-05-28,9698.3,1
2012-05-29,9708.1,1
2012-05-30,9534.05,1
2012-05-31,9441,-1
2012-06-01,9267.6,-1
2012-06-04,9362.3,-1
2012-06-05,9460.15,1
2012-06-06,9742.8,1
2012-06-07,9950.9,1
2012-06-08,9998.85,1
2012-06-11,9969.2,1
2012-06-12,10139.2,1
2012-06-13,10128.15,1
2012-06-14,9836.95,-1
2012-06-15,10064.8,-1
2012-06-18,9749.9,-1
2012-06-19,9786.45,-1
2012-06-20,9831.8,-1
2012-06-21,10033.65,1
2012-06-22,10038.35,1
2012-06-25,9925.75,1
2012-06-26,9970.1,1
2012-06-27,10017.8,1
2012-06-28,10003.85,1
2012-06-29,10340.65,1
2012-07-02,10412.2,1
2012-07-03,10481.3,1
2012-07-04,10529.45,1
2012-07-05,10641.9,1
2012-07-06,10655.35,1
2012-07-09,10588.05,1
2012-07-10,10751.55,1
2012-07-11,10713.3,1
2012-07-12,10616.3,-1
2012-07-13,10594.45,-1
2012-07-16,10568.2,-1
2012-07-17,10558.05,-1
2012-07-18,10607.1,-1
2012-07-19,10622.05,1
2012-07-20,10481.6,-1
2012-07-23,10274.6,-1
2012-07-24,10299,-1
2012-07-25,10267.85,-1
2012-07-26,10083.8,-1
2012-07-27,10140.55,1
2012-07-30,10412.15,1
2012-07-31,10384.1,1
2012-08-01,10419.9,1
2012-08-02,10379.6,1
2012-08-03,10315.6,-1
2012-08-06,10462.4,1
2012-08-07,10591.95,1
2012-08-08,10529.25,1
2012-08-09,10445.9,-1
2012-08-10,10358.95,-1
2012-08-13,10401.3,-1
2012-08-14,10519.15,1
2012-08-16,10426.75,1
2012-08-17,10417.9,-1
2012-08-21,10469.5,-1
2012-08-22,10472.2,1
2012-08-23,10457.7,1
2012-08-24,10332.85,-1
2012-08-27,10150.4,-1
2012-08-28,10059.4,-1
2012-08-29,10011.9,-1
2012-08-30,10085.2,-1
2012-08-31,9990.5,-1
2012-09-03,9963,-1
2012-09-04,10020.65,-1
2012-09-05,9827.9,-1
2012-09-06,9893.15,-1
2012-09-07,10122,1
2012-09-10,10069.85,1
2012-09-11,10135.9,-1
2012-09-12,10183.45,1
2012-09-13,10207.8,1
2012-09-14,10642.9,1
2012-09-17,10981.65,1
2012-09-18,11043.5,1
2012-09-20,10920.8,1
2012-09-21,11358.5,1
2012-09-24,11423.5,1
2012-09-25,11420.75,1
2012-09-26,11427.25,0
2012-09-27,11419.45,0
2012-09-28,11456.8,1
2012-10-01,11420.45,-1
2012-10-03,11414.95,-1
2012-10-04,11636.05,1
2012-10-05,11511.4,-1
2012-10-08,11362.2,-1
2012-10-09,11446.1,-1
2012-10-10,11291.5,-1
2012-10-11,11431.3,-1
2012-10-12,11388.45,1
2012-10-15,11441.8,1
2012-10-16,11348,0
2012-10-17,11358.25,0
2012-10-18,11586.35,1
2012-10-19,11491.2,1
2012-10-22,11607.4,1
2012-10-23,11578.15,1
2012-10-25,11614.5,1
2012-10-29,11472.15,-1
2012-10-30,11203,-1
2012-10-31,11268.8,-1
2012-11-01,11315.05,-1
2012-11-02,11460.45,1
2012-11-05,11475.15,1
2012-11-06,11539.05,1
2012-11-07,11665.5,1
2012-11-08,11613.55,1
2012-11-09,11475.6,-1
2012-11-12,11583.85,-1
2012-11-15,11521.4,-1
2012-11-16,11335.5,-1
2012-11-19,11306.95,-1
2012-11-20,11318.3,-1
2012-11-21,11465.35,1
2012-11-22,11508.35,1
2012-11-23,11475.8,1
2012-11-26,11432.45,0
2012-11-27,11657.4,1
2012-11-29,11992.8,1
2012-11-30,12158.9,1
2012-12-03,12103.9,1
2012-12-04,12197.15,1
2012-12-05,12281.6,1
2012-12-06,12427.55,1
2012-12-07,12363.7,0
2012-12-10,12381.65,0
2012-12-11,12344.6,-1
2012-12-12,12301.7,-1
2012-12-13,12269.15,-1
2012-12-14,12424.7,1
2012-12-17,12427.45,1
2012-12-18,12477.15,-1
2012-12-19,12510.25,1
2012-12-20,12486.5,1
2012-12-21,12315.05,-1
2012-12-24,12317.7,-1
2012-12-26,12479.45,1
2012-12-27,12459.7,1
2012-12-28,12458.15,1
2012-12-31,12474.25,0
2013-01-01,12654.15,1
2013-01-02,12786.85,1
2013-01-03,12778.15,1
2013-01-04,12787.35,-1
2013-01-07,12708.7,-1
2013-01-08,12725.5,-1
2013-01-09,12718,-1
2013-01-10,12802.25,1
2013-01-11,12617.85,-1
2013-01-14,12758.75,-1
2013-01-15,12855.4,1
2013-01-16,12638.5,1
2013-01-17,12649.6,-1
2013-01-18,12680,-1
2013-01-21,12651.35,0
2013-01-22,12574.35,-1
2013-01-23,12635.2,-1
2013-01-24,12561.4,0
2013-01-25,12693.25,1
2013-01-28,12781.35,1
2013-01-29,12722.8,1
2013-01-30,12767.5,0
2013-01-31,12708.6,0
2013-02-01,12606.25,-1
2013-02-04,12548.35,-1
2013-02-05,12467.75,-1
2013-02-06,12417.7,-1
2013-02-07,12349.3,-1
2013-02-08,12280.15,-1
2013-02-11,12333,-1
2013-02-12,12405.25,1
2013-02-13,12385.1,1
2013-02-14,12311.3,-1
2013-02-15,12336.55,-1
2013-02-18,12347.2,-1
2013-02-19,12413.65,1
2013-02-20,12363.7,1
2013-02-21,12055.5,-1
2013-02-22,12068.95,-1
2013-02-25,12037.3,-1
2013-02-26,11844.85,-1
2013-02-27,11930.5,-1
2013-02-28,11487.35,1
2013-03-01,11540.05,1
2013-03-04,11575.6,0
2013-03-05,11792.05,1
2013-03-06,11876.2,1
2013-03-07,11970.25,1
2013-03-08,12197.25,1
2013-03-11,12165.4,1
2013-03-12,12054.5,-1
2013-03-13,11777.5,-1
2013-03-14,12020.75,-1
2013-03-15,11816.55,0
2013-03-18,11735.5,0
2013-03-19,11508.05,-1
2013-03-20,11254.85,-1
2013-03-21,11238.35,-1
2013-03-22,11204.05,-1
2013-03-25,11125.65,-1
2013-03-26,11163.45,-1
2013-03-28,11361.85,1
2013-04-01,11425.55,1
2013-04-02,11523.4,1
2013-04-03,11344.1,-1
2013-04-04,11126.25,-1
2013-04-05,11098.95,-1
2013-04-08,11012.65,-1
2013-04-09,10929.15,1
2013-04-10,11122.25,-1
2013-04-11,11306.5,1
2013-04-12,11410.1,1
2013-04-15,11526.25,1
2013-04-16,11871.6,1
2013-04-17,11981.05,1
2013-04-18,12288.25,1
2013-04-22,12576.2,1
2013-04-23,12543.4,1
2013-04-25,12726.85,1
2013-04-26,12533.15,1
2013-04-29,12609.15,0
2013-04-30,12561.55,-1
2013-05-02,12709.95,1
2013-05-03,12393.6,-1
2013-05-06,12396.4,-1
2013-05-07,12631.5,-1
2013-05-08,12643.05,1
2013-05-09,12596.3,1
2013-05-10,12752.3,1
2013-05-13,12568.85,1
2013-05-14,12583.6,-1
2013-05-15,13077.9,1
2013-05-16,13239.45,1
2013-05-17,13317.1,1
2013-05-20,13181.5,1
2013-05-21,13066.5,-1
2013-05-22,13008.25,-1
2013-05-23,12636.5,-1
2013-05-24,12769.35,-1
2013-05-27,12961.55,1
2013-05-28,12950,1
2013-05-29,12853.2,1
2013-05-30,12805.9,-1
2013-05-31,12475.65,-1
2013-06-03,12402.1,-1
2013-06-04,12275.1,-1
2013-06-05,12289.35,-1
2013-06-06,12398.4,-1
2013-06-07,12231.5,1
2013-06-10,12087.05,-1
2013-06-11,11820.5,-1
2013-06-12,11814.85,-1
2013-06-13,11686.75,-1
2013-06-14,11922.85,1
2013-06-17,11971.05,1
2013-06-18,11820.95,0
2013-06-19,11852.65,0
2013-06-20,11375.4,-1
2013-06-21,11340.15,-1
2013-06-24,11178.3,-1
2013-06-25,11181.05,-1
2013-06-26,11066.55,-1
2013-06-27,11235.75,-1
2013-06-28,11617.25,1
2013-07-01,11714.9,1
2013-07-02,11614.25,1
2013-07-03,11357.8,-1
2013-07-04,11381.2,-1
2013-07-05,11434.3,1
2013-07-08,11283.3,-1
2013-07-09,11442.45,-1
2013-07-10,11364.45,1
2013-07-11,11655.3,1
2013-07-12,11722.8,1
2013-07-15,11790.25,1
2013-07-16,11226.15,-1
2013-07-17,10971.6,-1
2013-07-18,11187.7,-1
2013-07-19,10973.9,-1
2013-07-22,11086.95,0
2013-07-23,11239.7,1
2013-07-24,10720.15,-1
2013-07-25,10614,-1
2013-07-26,10465.25,-1
2013-07-29,10331,-1
2013-07-30,10209.55,-1
2013-07-31,10015.75,-1
2013-08-01,10142.95,-1
2013-08-02,9997.8,1
2013-08-05,10094.9,-1
2013-08-06,9703.1,-1
2013-08-07,9757.25,-1
2013-08-08,9816.4,-1
2013-08-12,9711.4,0
2013-08-13,9985.65,1
2013-08-14,10026.4,1
2013-08-16,9450.85,-1
2013-08-19,9145,-1
2013-08-20,9218.95,-1
2013-08-21,9264.4,1
2013-08-22,9268.9,1
2013-08-23,9470.1,0
2013-08-26,9373.55,1
2013-08-27,8870.5,-1
2013-08-28,8760.85,-1
2013-08-29,8904.6,-1
2013-08-30,9049.2,1
2013-09-02,9139.5,1
2013-09-03,8664.2,-1
2013-09-04,8845.75,-1
2013-09-05,9682.4,1
2013-09-06,9961.4,1
2013-09-10,10188.25,1
2013-09-11,10369.1,1
2013-09-12,10158.55,0
2013-09-13,10180.45,0
2013-09-16,10368.4,1
2013-09-17,10279.6,1
2013-09-18,10447.85,1
2013-09-19,11148.65,1
2013-09-20,10686.8,1
2013-09-23,10211.7,-1
2013-09-24,10175.9,-1
2013-09-25,10081.7,-1
2013-09-26,10098.25,-1
2013-09-27,9899.75,-1
2013-09-30,9617.8,-1
2013-10-01,9883.3,-1
2013-10-03,10222.95,1
2013-10-04,10197.15,1
2013-10-07,10082.1,-1
2013-10-08,10141.45,1
2013-10-09,10334.95,1
2013-10-10,10288.95,0
2013-10-11,10622.15,1
2013-10-14,10665.25,1
2013-10-15,10389.25,1
2013-10-17,10336.55,-1
2013-10-18,10744.9,1
2013-10-21,10797.55,1
2013-10-22,10809.1,1
2013-10-23,10880.65,1
2013-10-24,10902.45,1
2013-10-25,10896.5,1
2013-10-28,10773.2,-1
2013-10-29,11241.65,1
2013-10-30,11249.35,1
2013-10-31,11473.15,1
2013-11-01,11628.65,1
2013-11-05,11498.9,1
2013-11-06,11292.55,-1
2013-11-07,11054.9,-1
2013-11-08,10913.15,-1
2013-11-11,10758.45,-1
2013-11-12,10583.05,-1
2013-11-13,10523.35,-1
2013-11-14,10811.2,1
2013-11-18,11142.3,1
2013-11-19,11187.85,1
2013-11-20,10967.15,-1
2013-11-21,10706.9,-1
2013-11-22,10677.35,-1
2013-11-25,11083.4,1
2013-11-26,10909.35,1
2013-11-27,10899.3,1
2013-11-28,10906.75,0
2013-11-29,11153.95,1
2013-12-02,11284.35,1
2013-12-03,11211.3,1
2013-12-04,11156.75,-1
2013-12-05,11665.1,1
2013-12-06,11720.2,1
2013-12-09,12065.9,1
2013-12-10,11843.45,1
2013-12-11,11784.35,-1
2013-12-12,11635.5,-1
2013-12-13,11366.9,-1
2013-12-16,11372.95,-1
2013-12-17,11208.65,-1
2013-12-18,11357.9,1
2013-12-19,11087.45,-1
2013-12-20,11292.35,-1
2013-12-23,11378.5,-1
2013-12-24,11330.65,0
2013-12-26,11385.75,0
2013-12-27,11459.7,1
2013-12-30,11376,1
2013-12-31,11385.25,-1
2014-01-01,11385.6,-1
2014-01-02,11183.2,-1
2014-01-03,11181.65,-1
2014-01-06,11049.05,-1
2014-01-07,11036.75,-1
2014-01-08,11053.7,-1
2014-01-09,10970.45,-1
2014-01-10,10805.3,-1
2014-01-13,11021.6,-1
2014-01-14,10948.9,0
2014-01-15,11125.4,1
2014-01-16,11092.55,1
2014-01-17,10911.35,-1
2014-01-20,11007.5,-1
2014-01-21,11171.5,1
2014-01-22,11207.35,1
2014-01-23,11199,1
2014-01-24,10982.4,-1
2014-01-27,10540.4,-1
2014-01-28,10507.6,-1
2014-01-29,10437.75,-1
2014-01-30,10153.15,-1
2014-01-31,10237.75,-1
2014-02-03,10102.1,-1
2014-02-04,10191.2,-1
2014-02-05,10231.65,1
2014-02-06,10205.2,1
2014-02-07,10263.2,0
2014-02-10,10213.9,0
2014-02-11,10245.45,0
2014-02-12,10348.8,1
2014-02-13,10135.7,-1
2014-02-14,10203.75,-1
2014-02-17,10326.55,-1
2014-02-18,10575.2,1
2014-02-19,10609.6,1
2014-02-20,10428.3,1
2014-02-21,10554.35,0
2014-02-24,10683.5,1
2014-02-25,10666.75,1
2014-02-26,10730.4,1
2014-02-28,10764.7,1
2014-03-03,10651.95,-1
2014-03-04,10929.05,1
2014-03-05,11098.8,1
2014-03-06,11278.35,1
2014-03-07,11884.75,1
2014-03-10,12108.1,1
2014-03-11,12043.15,1
2014-03-12,12024.1,1
2014-03-13,12141.45,1
2014-03-14,12055.85,-1
2014-03-18,12114.85,-1
2014-03-19,12186.55,0
2014-03-20,12017.25,-1
2014-03-21,12092.35,-1
2014-03-24,12408.15,1
2014-03-25,12450,1
2014-03-26,12518.35,1
2014-03-27,12604.95,1
2014-03-28,12754.7,1
2014-03-31,12742.05,1
2014-04-01,12588.5,-1
2014-04-02,12715.3,-1
2014-04-03,12563.85,-1
2014-04-04,12551.7,-1
2014-04-07,12506.45,-1
2014-04-09,12937.4,1
2014-04-10,12949.4,1
2014-04-11,12840.2,1
2014-04-15,12579.9,-1
2014-04-16,12563.15,-1
2014-04-17,12787.25,-1
2014-04-21,12958.5,1
2014-04-22,12987.1,1
2014-04-23,13122.1,1
2014-04-25,13034.5,1
2014-04-28,13081.55,-1
2014-04-29,12910.55,-1
2014-04-30,12855.85,-1
2014-05-02,12842,-1
2014-05-05,12880.65,-1
2014-05-06,12966.05,1
2014-05-07,12938.2,1
2014-05-08,13037.4,1
2014-05-09,13750.5,1
2014-05-12,14085.05,1
2014-05-13,14165.55,1
2014-05-14,14207.1,1
2014-05-15,14236.55,0
2014-05-16,14853,1
2014-05-19,15222.15,1
2014-05-20,15111.2,1
2014-05-21,14952.1,-1
2014-05-22,15055.55,-1
2014-05-23,15285.5,1
2014-05-26,15175.9,1
2014-05-27,15084,-1
2014-05-28,15173.35,-1
2014-05-29,15030.3,1
2014-05-30,14793.4,-1
2014-06-02,15287.25,1
2014-06-03,15257.5,1
2014-06-04,15333.4,1
2014-06-05,15282.15,1
2014-06-06,15543.15,1
2014-06-09,15567.4,1
2014-06-10,15427.8,1
2014-06-11,15450.55,0
2014-06-12,15464.85,-1
2014-06-13,15106.9,-1
2014-06-16,15030,-1
2014-06-17,15373.2,-1
2014-06-18,15220.4,1
2014-06-19,15067.4,1
2014-06-20,14997.65,0
2014-06-23,15076.35,-1
2014-06-24,15309.5,1
2014-06-25,15237.85,1
2014-06-26,15050,-1
2014-06-27,14992.35,-1
2014-06-30,15241.9,-1
2014-07-01,15321.35,1
2014-07-02,15490.35,1
2014-07-03,15451.65,1
2014-07-04,15556.15,-1
2014-07-07,15367.6,1
2014-07-08,14997.5,-1
2014-07-09,14931.1,-1
2014-07-10,14821.7,-1
2014-07-11,14447.2,-1
2014-07-14,14489.75,-1
2014-07-15,14891.9,1
2014-07-16,15265.45,1
2014-07-17,15269.05,1
2014-07-18,15389.35,1
2014-07-21,15385.95,1
2014-07-22,15427.35,1
2014-07-23,15463,1
2014-07-24,15534.35,1
2014-07-25,15322.25,-1
2014-07-28,15212.15,-1
2014-07-30,15452.4,-1
2014-07-31,15267.6,1
2014-08-01,15127.8,-1
2014-08-04,15242.35,-1
2014-08-05,15293.25,-1
2014-08-06,15008.65,-1
2014-08-07,14986.85,-1
2014-08-08,14765.75,-1
2014-08-11,14846.8,-1
2014-08-12,15056.7,1
2014-08-13,14910.9,1
2014-08-14,15089.65,1
2014-08-18,15439.75,1
2014-08-19,15524.65,1
2014-08-20,15481.7,1
2014-08-21,15662.2,1
2014-08-22,15819.15,1
2014-08-25,15669,1
2014-08-26,15624.1,-1
2014-08-27,15717.65,-1
2014-08-28,15740.4,1
2014-09-01,16012.8,1
2014-09-02,16130.55,1
2014-09-03,16110,1
2014-09-04,16033.55,-1
2014-09-05,15982.5,-1
2014-09-08,16206.7,1
2014-09-09,16156.75,1
2014-09-10,16151.75,1
2014-09-11,16204.15,1
2014-09-12,16254.15,1
2014-09-15,16167.55,-1
2014-09-16,15844.1,-1
2014-09-17,15838.6,-1
2014-09-18,16156.85,1
2014-09-19,16152.15,1
2014-09-22,16194.55,1
2014-09-23,15902.85,-1
2014-09-24,15740.3,-1
2014-09-25,15299.05,-1
2014-09-26,15607.25,-1
2014-09-29,15473.55,-1
2014-09-30,15392.25,-1
2014-10-01,15316.2,-1
2014-10-07,15180.25,-1
2014-10-08,15344,-1
2014-10-09,15741.2,1
2014-10-10,15453.8,1
2014-10-13,15677.5,-1
2014-10-14,15751.55,1
2014-10-16,15541.6,1
2014-10-17,15929.8,1
2014-10-20,16216.6,1
2014-10-21,16427.25,1
2014-10-22,16444.7,1
2014-10-27,16556.6,1
2014-10-28,16667,1
2014-10-29,16634.05,1
2014-10-30,16760.05,1
2014-10-31,17045.05,1
2014-11-03,17134.1,1
2014-11-05,17352.95,1
2014-11-07,17347.05,1
2014-11-10,17262.4,1
2014-11-11,17390.2,1
2014-11-12,17587.05,1
2014-11-13,17453,1
2014-11-14,17576.8,0
2014-11-17,17640.4,1
2014-11-18,17702.55,1
2014-11-19,17585.65,1
2014-11-20,17645.05,-1
2014-11-21,18056.3,1
2014-11-24,18281.95,1
2014-11-25,18037.05,1
2014-11-26,17975.95,-1
2014-11-27,18022.5,-1
2014-11-28,18513.15,1
2014-12-01,18525.3,1
2014-12-02,18555.85,1
2014-12-03,18645.85,1
2014-12-04,18782.85,1
2014-12-05,18756.75,1
2014-12-08,18510.05,-1
2014-12-09,18290.65,-1
2014-12-10,18462.95,-1
2014-12-11,18405,-1
2014-12-12,18299.75,-1
2014-12-15,18372.65,-1
2014-12-16,17830.55,-1
2014-12-17,17865.75,-1
2014-12-18,18326.6,1
2014-12-19,18478.9,1
2014-12-22,18747.35,1
2014-12-23,18603.75,1
2014-12-24,18535.35,1
2014-12-26,18557.2,-1
2014-12-29,18528.35,-1
2014-12-30,18647.55,-1
2014-12-31,18736.65,1
2015-01-01,18750.45,1
2015-01-02,19057.8,1
2015-01-05,19017.4,1
2015-01-06,18430.75,-1
2015-01-07,18304.25,-1
2015-01-08,18701.4,-1
2015-01-09,18637.25,1
2015-01-12,18795.85,1
2015-01-13,18707.2,1
2015-01-14,18603.8,-1
2015-01-15,19235.65,1
2015-01-16,19223.15,1
2015-01-19,19406.05,1
2015-01-20,19767.05,1
2015-01-21,19843.25,1
2015-01-22,19917.65,1
2015-01-23,20072.7,1
2015-01-27,20555.25,1
2015-01-28,20491.75,1
2015-01-29,20528.6,1
2015-01-30,19843.75,-1
2015-02-02,19865.9,-1
2015-02-03,19382.95,-1
2015-02-04,19174,-1
2015-02-05,19051.9,-1
2015-02-06,18786.7,-1
2015-02-09,18403.85,-1
2015-02-10,18752.5,-1
2015-02-11,18940.8,1
2015-02-12,19128.6,1
2015-02-13,19369.7,1
2015-02-16,19189.95,1
2015-02-18,19296.5,0
2015-02-19,19188.3,-1
2015-02-20,19073.55,-1
2015-02-23,18913.4,-1
2015-02-24,18883.8,-1
2015-02-25,18733.05,-1
2015-02-26,18538.1,-1
2015-02-27,19074.55,1
2015-03-02,20008.1,1
2015-03-03,19961.2,1
2015-03-04,19643.9,-1
2015-03-05,19748,-1
2015-03-09,19145.55,-1
2015-03-10,19054.4,-1
2015-03-11,19044,-1
2015-03-12,19141.85,-1
2015-03-13,18779.8,-1
2015-03-16,18837.35,-1
2015-03-17,19058.25,-1
2015-03-18,19147.25,1
2015-03-19,18811.15,-1
2015-03-20,18606.35,-1
2015-03-23,18449,-1
2015-03-24,18331.45,-1
2015-03-25,18310.1,-1
2015-03-26,17831.65,-1
2015-03-27,18044.8,-1
2015-03-30,18361.8,1
2015-03-31,18206.65,1
2015-04-01,18617.85,1
2015-04-06,18605.45,1
2015-04-07,18469.3,1
2015-04-08,18416.6,0
2015-04-09,18875.85,1
2015-04-10,18800.85,1
2015-04-13,18798.25,1
2015-04-15,18716.3,-1
2015-04-16,18637.05,-1
2015-04-17,18345.55,-1
2015-04-20,18112.75,-1
2015-04-21,18105.75,-1
2015-04-22,18243.7,-1
2015-04-23,18245.6,1
2015-04-24,18001.9,1
2015-04-27,17767.6,-1
2015-04-28,18246.25,1
2015-04-29,18302.65,1
2015-04-30,18338.1,1
2015-05-04,18501.3,1
2015-05-05,18471.45,1
2015-05-06,17799.55,-1
2015-05-07,17376.9,-1
2015-05-08,17796.6,-1
2015-05-11,18199.75,1
2015-05-12,17628.65,-1
2015-05-13,18097.45,-1
2015-05-14,18116.2,-1
2015-05-15,18183.15,1
2015-05-18,18422.95,1
2015-05-19,18380.4,1
2015-05-20,18555.15,1
2015-05-21,18513.15,1
2015-05-22,18433.3,-1
2015-05-25,18324.85,-1
2015-05-26,18329.3,-1
2015-05-27,18538.85,1
2015-05-28,18449.2,1
2015-05-29,18721.35,1
2015-06-01,18617,1
2015-06-02,17977.3,-1
2015-06-03,17721.4,-1
2015-06-04,17719.2,-1
2015-06-05,17549.25,-1
2015-06-08,17432.6,-1
2015-06-09,17489.9,-1
2015-06-10,17707.25,1
2015-06-11,17304.4,-1
2015-06-12,17523.55,-1
2015-06-15,17458.7,-1
2015-06-16,17602.45,1
2015-06-17,17584.05,1
2015-06-18,17733.55,1
2015-06-19,17880.85,1
2015-06-22,18334.5,1
2015-06-23,18391.35,1
2015-06-24,18365.55,1
2015-06-25,18492.9,-1
2015-06-26,18371.5,-1
2015-06-29,18241.25,-1
2015-06-30,18296.1,-1
2015-07-01,18581.6,1
2015-07-02,18585.55,1
2015-07-03,18729.65,1
2015-07-06,18825.15,-1
2015-07-07,18798.5,1
2015-07-08,18463.15,-1
2015-07-09,18508.7,-1
2015-07-10,18719.8,1
2015-07-13,18893.55,1
2015-07-14,18780.2,1
2015-07-15,18816.25,1
2015-07-16,19168.05,1
2015-07-17,19094.7,1
2015-07-20,19032.7,-1
2015-07-21,18723.4,-1
2015-07-22,18997,-1
2015-07-23,18865,-1
2015-07-24,18635.85,-1
2015-07-27,18213.05,-1
2015-07-28,18282.8,-1
2015-07-29,18323.4,-1
2015-07-30,18440.4,1
2015-07-31,18729.85,1
2015-08-03,18914.7,1
2015-08-04,18972.6,1
2015-08-05,18928.55,1
2015-08-06,19029.35,1
2015-08-07,18893.55,0
2015-08-10,18875,-1
2015-08-11,18616.9,-1
2015-08-12,18059.75,-1
2015-08-13,18175.4,-1
2015-08-14,18723.6,1
2015-08-17,18822.05,1
2015-08-18,18780.85,1
2015-08-19,18703.25,1
2015-08-20,18283.1,-1
2015-08-21,18057.2,-1
2015-08-24,16811.8,-1
2015-08-25,17192.75,-1
2015-08-26,16917.65,-1
2015-08-27,17214.4,-1
2015-08-28,17211.95,1
2015-08-31,17146.55,-1
2015-09-01,16530.3,-1
2015-09-02,16252.7,-1
2015-09-03,16555.4,-1
2015-09-04,16129.1,-1
2015-09-07,15790.1,-1
2015-09-08,16350.95,-1
2015-09-09,16631.5,1
2015-09-10,16597.65,1
2015-09-11,16612.6,0
2015-09-14,16911.8,1
2015-09-15,16739.55,1
2015-09-16,16964.85,1
2015-09-18,17409.15,1
2015-09-21,17542.9,1
2015-09-22,17031.15,-1
2015-09-23,17255.3,-1
2015-09-24,17196.65,-1
2015-09-28,17100.3,1
2015-09-29,17281.2,-1
2015-09-30,17216.3,-1
2015-10-01,17150.2,0
2015-10-05,17674.05,1
2015-10-06,17605.35,1
2015-10-07,17616.8,1
2015-10-08,17474.3,-1
2015-10-09,17590.25,1
2015-10-12,17583.15,1
2015-10-13,17554.85,-1
2015-10-14,17543.25,-1
2015-10-15,17686.1,1
2015-10-16,17912.85,1
2015-10-19,17855.05,1
2015-10-20,17830.25,1
2015-10-21,17710.55,-1
2015-10-23,17934.05,1
2015-10-26,17815.05,1
2015-10-27,17806.3,-1
2015-10-28,17373.15,-1
2015-10-29,17212.2,-1
2015-10-30,17354.5,-1
2015-11-02,17340.6,-1
2015-11-03,17325.6,1
2015-11-04,17221.05,-1
2015-11-05,16995.1,-1
2015-11-06,17086.5,-1
2015-11-09,17003,-1
2015-11-10,16836,-1
2015-11-13,16932.85,-1
2015-11-16,17184.9,1
2015-11-17,17140.45,1
2015-11-18,16812.1,-1
2015-11-19,17071.9,-1
2015-11-20,17055.6,1
2015-11-23,17060.25,1
2015-11-24,16988.65,1
2015-11-26,17036.55,0
2015-11-27,17370.95,1
2015-11-30,17430.4,1
2015-12-01,17398.55,1
2015-12-02,17218.5,-1
2015-12-03,17110.1,-1
2015-12-04,16897.3,-1
2015-12-07,16947,-1
2015-12-08,16801.15,-1
2015-12-09,16660.75,-1
2015-12-10,16711.05,-1
2015-12-11,16342.5,-1
2015-12-14,16350.65,-1
2015-12-15,16398.65,-1
2015-12-16,16579.4,1
2015-12-17,16741.5,1
2015-12-18,16594.3,1
2015-12-21,16825.15,1
2015-12-22,16749.2,1
2015-12-23,16882.5,1
2015-12-24,16811,1
2015-12-28,16979.15,1
2015-12-29,16991.45,1
2015-12-30,16917.9,1
2015-12-31,16922.2,0
2016-01-01,17039.25,1
2016-01-04,16599.15,-1
2016-01-05,16542.5,-1
2016-01-06,16433.15,-1
2016-01-07,16073.85,-1
2016-01-08,16142.65,-1
2016-01-11,16016.25,-1
2016-01-12,15734.8,-1
2016-01-13,15871.85,-1
2016-01-14,15609.8,-1
2016-01-15,15206.3,-1
2016-01-18,15020.8,-1
2016-01-19,15269.65,-1
2016-01-20,14935.5,-1
2016-01-21,15101.2,-1
2016-01-22,15497.55,1
2016-01-25,15561.15,1
2016-01-27,15534.6,1
2016-01-28,15381.45,-1
2016-01-29,15522.4,-1
2016-02-01,15314.45,-1
2016-02-02,15068,-1
2016-02-03,14834.05,-1
2016-02-04,14869.15,-1
2016-02-05,15162.05,1
2016-02-08,15046.8,1
2016-02-09,14875.1,-1
2016-02-10,14588.45,-1
2016-02-11,14028.55,-1
2016-02-12,13971.5,-1
2016-02-15,14445,1
2016-02-16,14166.45,1
2016-02-17,14119.85,-1
2016-02-18,14298.15,-1
2016-02-19,14344.2,1
2016-02-22,14384.8,1
2016-02-23,14008.35,-1
2016-02-24,13794.05,-1
2016-02-25,13555.7,-1
2016-02-26,13791.45,-1
2016-02-29,13946.4,1
2016-03-01,14412.9,1
2016-03-02,15092.45,1
2016-03-03,15177.75,1
2016-03-04,15339.2,1
2016-03-08,15146.5,1
2016-03-09,15279.05,-1
2016-03-10,15180.65,1
2016-03-11,15168.2,1
2016-03-14,15277.8,1
2016-03-15,15326.8,1
2016-03-16,15461.7,-1
2016-03-17,15444,1
2016-03-18,15654.85,1
2016-03-21,15926.1,1
2016-03-22,15936,1
2016-03-23,15887.75,1
2016-03-28,15604.9,-1
2016-03-29,15666.25,-1
2016-03-30,16134.85,1
2016-03-31,16141.65,1
2016-04-01,16174.9,1
2016-04-04,16190.6,0
2016-04-05,15695,-1
2016-04-06,15636.95,-1
2016-04-07,15530.75,-1
2016-04-08,15568.35,-1
2016-04-11,15818.5,1
2016-04-12,15880.2,1
2016-04-13,16278.55,1
2016-04-18,16222.7,1
2016-04-20,16349.7,1
2016-04-21,16637.15,1
2016-04-22,16703.4,1
2016-04-25,16678.65,1
2016-04-26,17002.55,1
2016-04-27,16872.95,0
2016-04-28,16716.9,0
2016-04-29,16795,-1
2016-05-02,16543,-1
2016-05-03,16388.7,-1
2016-05-04,16274.25,-1
2016-05-05,16281,-1
2016-05-06,16296.6,-1
2016-05-09,16686.1,1
2016-05-10,16784.95,1
2016-05-11,16754.45,1
2016-05-12,16923.7,1
2016-05-13,16716.9,1
2016-05-16,16737.55,-1
2016-05-17,16762.75,1
2016-05-18,16728.95,1
2016-05-19,16565.25,-1
2016-05-20,16481.45,-1
2016-05-23,16407.55,-1
2016-05-24,16456.65,-1
2016-05-25,16997.45,1
2016-05-26,17359.3,1
2016-05-27,17511.8,1
2016-05-30,17520.65,1
2016-05-31,17620.9,1
2016-06-01,17423.45,-1
2016-06-02,17567.8,-1
2016-06-03,17680.8,1
2016-06-06,17671.4,1
2016-06-07,17948.15,1
2016-06-08,17946.8,1
2016-06-09,17887.7,1
2016-06-10,17828.6,1
2016-06-13,17593.95,-1
2016-06-14,17672.4,-1
2016-06-15,17917.9,1
2016-06-16,17671.3,-1
2016-06-17,17696.05,-1
2016-06-20,17718.6,-1
2016-06-21,17619.1,-1
2016-06-22,17626.05,-1
2016-06-23,17892.45,1
2016-06-24,17426.05,-1
2016-06-27,17514.95,-1
2016-06-28,17561.55,1
2016-06-29,17689.9,1
2016-06-30,17935.4,1
2016-07-01,17985.65,1
2016-07-04,18097.65,1
2016-07-05,18004.25,1
2016-07-07,18084.9,1
2016-07-08,18016.25,-1
2016-07-11,18390.95,1
2016-07-12,18667.6,1
2016-07-13,18618.95,1
2016-07-14,18863.75,1
2016-07-15,18953.65,1
2016-07-18,18923.4,1
2016-07-19,18905.15,1
2016-07-20,18968.2,0
2016-07-21,18674.3,-1
2016-07-22,18690.4,-1
2016-07-25,18989.6,1
2016-07-26,18860.85,1
2016-07-27,19021.95,1
2016-07-28,19076.55,1
2016-07-29,18953.15,1
2016-08-01,18740.6,-1
2016-08-02,18708.25,-1
2016-08-03,18602,-1
2016-08-04,18571.7,-1
2016-08-05,18925.95,1
2016-08-08,18939.45,1
2016-08-09,18933.3,1
2016-08-10,18647.8,-1
2016-08-11,18640.4,-1
2016-08-12,18963.7,1
2016-08-16,19002.15,1
2016-08-17,19041.25,1
2016-08-18,19352.8,1
2016-08-19,19414.7,1
2016-08-22,19330.25,1
2016-08-23,19341.65,-1
2016-08-24,19355.6,-1
2016-08-25,19304.25,1
2016-08-26,19195.75,-1
2016-08-29,19217,-1
2016-08-30,19531.55,1
2016-08-31,19787.6,1
2016-09-01,19788.85,1
2016-09-02,19883.2,1
2016-09-06,20426.2,1
2016-09-07,20406.9,1
2016-09-08,20417.25,1
2016-09-09,20245.3,-1
2016-09-12,19790.6,-1
2016-09-14,19909.15,-1
2016-09-15,19837.55,-1
2016-09-16,19855.45,1
2016-09-19,19906.85,1
2016-09-20,19852.3,1
2016-09-21,19828.45,-1
2016-09-22,20109.6,1
2016-09-23,19901.8,1
2016-09-26,19591.75,-1
2016-09-27,19518.7,-1
2016-09-28,19653.55,-1
2016-09-29,19183.65,-1
2016-09-30,19285.7,-1
2016-10-03,19589.05,-1
2016-10-04,19672.7,1
2016-10-05,19536.85,1
2016-10-06,19395.05,-1
2016-10-07,19400.1,-1
2016-10-10,19378.55,-1
2016-10-13,18954.25,-1
2016-10-14,19020.15,-1
2016-10-17,19070.4,-1
2016-10-18,19495.05,1
2016-10-19,19412.1,1
2016-10-20,19658.7,1
2016-10-21,19710.9,1
2016-10-24,19807.9,1
2016-10-25,19834.9,1
2016-10-26,19483.6,-1
2016-10-27,19514.6,-1
2016-10-28,19555.95,-1
2016-11-01,19458.6,1
2016-11-02,19227.9,-1
2016-11-03,19178.7,-1
2016-11-04,19058.1,-1
2016-11-07,19356,1
2016-11-08,19500.8,1
2016-11-09,19518.25,-1
2016-11-10,20200.25,1
2016-11-11,19738.8,1
2016-11-15,19289.75,-1
2016-11-16,19108.1,-1
2016-11-17,19087.85,-1
2016-11-18,18959.05,-1
2016-11-21,18446.4,-1
2016-11-22,18548.65,-1
2016-11-23,18540.9,-1
2016-11-24,18256.1,-1
2016-11-25,18507.3,-1
2016-11-28,18301.45,-1
2016-11-29,18223.75,-1
2016-11-30,18627.8,1
2016-12-01,18428.45,1
2016-12-02,18247.65,-1
2016-12-05,18408.9,-1
2016-12-06,18420.9,1
2016-12-07,18234.15,-1
2016-12-08,18515.45,-1
2016-12-09,18695.8,1
2016-12-12,18392.95,1
2016-12-13,18466.05,-1
2016-12-14,18341.5,-1
2016-12-15,18401.15,1
2016-12-16,18312.8,1
2016-12-19,18257.05,0
2016-12-20,18069.4,-1
2016-12-21,18084.5,-1
2016-12-22,17891.45,-1
2016-12-23,17884,-1
2016-12-26,17655.55,-1
2016-12-27,17879.55,-1
2016-12-28,17876.7,1
2016-12-29,18033.15,1
2016-12-30,18177.2,1
2017-01-02,17969.6,1
2017-01-03,18035.6,-1
2017-01-04,17891,-1
2017-01-05,18115.95,1
2017-01-06,18264,1
2017-01-09,18286.65,1
2017-01-10,18409.6,1
2017-01-11,18830,1
2017-01-12,18873.95,1
2017-01-13,18912.1,1
2017-01-16,19096.45,1
2017-01-17,19067.05,1
2017-01-18,19164.5,1
2017-01-19,19124.25,1
2017-01-20,18820.8,-1
2017-01-23,18842.7,-1
2017-01-24,19023.5,-1
2017-01-25,19473.2,1
2017-01-27,19708.3,1
2017-01-30,19585.25,1
2017-01-31,19515.15,-1
2017-02-01,20020.6,1
2017-02-02,20070.3,1
2017-02-03,20196.8,1
2017-02-06,20371.6,1
2017-02-07,20327.25,1
2017-02-08,20245.4,-1
2017-02-09,20151.15,-1
2017-02-10,20213.9,0
2017-02-13,20251.8,0
2017-02-14,20258.1,1
2017-02-15,20163.7,-1
2017-02-16,20243.7,-1
2017-02-17,20551.35,1
2017-02-20,20677.1,1
2017-02-21,20860.95,1
2017-02-22,20868.45,1
2017-02-23,20876.65,1
2017-02-27,20613.05,-1
2017-02-28,20607.25,-1
2017-03-01,20783.75,-1
2017-03-02,20560.05,-1
2017-03-03,20495.6,-1
2017-03-06,20663.65,-1
2017-03-07,20627.5,0
2017-03-08,20676.55,0
2017-03-09,20721.35,1
2017-03-10,20727.55,1
2017-03-14,21102.7,1
2017-03-15,21157.9,1
2017-03-16,21249.9,1
2017-03-17,21175.05,1
2017-03-20,21110.25,-1
2017-03-21,21019,-1
2017-03-22,20781.35,-1
2017-03-23,20895.5,-1
2017-03-24,21122.55,1
2017-03-27,21056.9,1
2017-03-28,21225.4,1
2017-03-29,21391.15,1
2017-03-30,21620.7,1
2017-03-31,21444.15,1
2017-04-03,21547.75,1
2017-04-05,21652.7,1
2017-04-06,21622.95,1
2017-04-07,21431.15,-1
2017-04-10,21520.15,-1
2017-04-11,21736.15,1
2017-04-12,21666.8,1
2017-04-13,21686.6,1
2017-04-17,21647.6,1
2017-04-18,21671.85,1
2017-04-19,21556.35,-1
2017-04-20,21491.4,-1
2017-04-21,21551.45,-1
2017-04-24,21857.4,1
2017-04-25,22054.7,1
2017-04-26,22242.85,1
2017-04-27,22326.3,1
2017-04-28,22358.25,1
2017-05-02,22341.35,1
2017-05-03,22307.3,1
2017-05-04,22720.1,1
2017-05-05,22604.95,1
2017-05-08,22767.35,1
2017-05-09,22707.3,1
2017-05-10,22830.35,1
2017-05-11,22818.45,1
2017-05-12,22671.7,-1
2017-05-15,22821.5,-1
2017-05-16,22928.6,1
2017-05-17,22935.95,1
2017-05-18,22698.6,-1
2017-05-19,22769.8,-1
2017-05-22,22652.85,1
2017-05-23,22582.8,-1
2017-05-24,22536.3,-1
2017-05-25,23190.8,1
2017-05-26,23362.2,1
2017-05-29,23182.75,1
2017-05-30,23307.25,1
2017-05-31,23424.8,1
2017-06-01,23310.15,1
2017-06-02,23375.9,0
2017-06-05,23459.65,1
2017-06-06,23416.3,1
2017-06-07,23567.65,1
2017-06-08,23536.1,1
2017-06-09,23690.9,1
2017-06-12,23470.45,-1
2017-06-13,23477.85,-1
2017-06-14,23498.7,-1
2017-06-15,23391.75,-1
2017-06-16,23502.75,-1
2017-06-19,23742.15,1
2017-06-20,23697.95,1
2017-06-21,23708.75,1
2017-06-22,23736.1,1
2017-06-23,23542.75,-1
2017-06-27,23216.25,-1
2017-06-28,23235.85,-1
2017-06-29,23227.3,-1
2017-06-30,23211.2,-1
2017-07-03,23272.8,-1
2017-07-04,23214.2,1
2017-07-05,23352.6,1
2017-07-06,23466.65,1
2017-07-07,23449.15,1
2017-07-10,23675.05,-1
2017-07-11,23584.6,-1
2017-07-12,23695.45,0
2017-07-13,23888.65,1
2017-07-14,23937.7,1
2017-07-17,24015.05,1
2017-07-18,24022.05,1
2017-07-19,24152.65,1
2017-07-20,24213.35,1
2017-07-21,24257.05,1
2017-07-24,24420.85,1
2017-07-25,24520.7,1
2017-07-26,24670.7,1
2017-07-27,24922.4,1
2017-07-28,24811.3,1
2017-07-31,25103.65,1
2017-08-01,25122.8,1
2017-08-02,25055.2,1
2017-08-03,24675.05,-1
2017-08-04,24827.45,-1
2017-08-07,24906.35,-1
2017-08-08,24599.5,-1
2017-08-09,24374.6,-1
2017-08-10,24217.35,-1
2017-08-11,23985.75,-1
2017-08-14,24115.75,-1
2017-08-16,24437.7,1
2017-08-17,24237.25,1
2017-08-18,24074.45,-1
2017-08-21,23936.5,-1
2017-08-22,23974.45,-1
2017-08-23,24316.8,1
2017-08-24,24274.2,1
2017-08-28,24377.1,1
2017-08-29,24128.95,-1
2017-08-30,24308.7,-1
2017-08-31,24318.4,0
2017-09-01,24434,1
2017-09-04,24236.85,-1
2017-09-05,24328.3,-1
2017-09-06,24279.15,-1
2017-09-07,24304.9,1
2017-09-08,24370.8,1
2017-09-11,24672.25,1
2017-09-12,24784.7,1
2017-09-13,24831.8,1
2017-09-14,24912.25,1
2017-09-15,24844.3,1
2017-09-18,25046.9,1
2017-09-19,25041.55,1
2017-09-20,24965.05,-1
2017-09-21,24799.25,-1
2017-09-22,24368.85,-1
2017-09-25,24165.05,-1
2017-09-26,24199.15,-1
2017-09-27,23812.95,-1
2017-09-28,24008.15,-1
2017-09-29,24053,-1
2017-10-03,24103.4,0
2017-10-04,24113.3,1
2017-10-05,24058.05,1
2017-10-06,24190,1
2017-10-09,24251.9,1
2017-10-10,24347.45,1
2017-10-11,24107.45,-1
2017-10-12,24361.25,-1
2017-10-13,24689.15,1
2017-10-16,24703.05,1
2017-10-17,24645.6,1
2017-10-18,24313.75,-1
2017-10-19,24009.75,-1
2017-10-23,24088.9,-1
2017-10-24,24222.15,1
2017-10-25,25035.9,1
2017-10-26,25022.2,1
2017-10-27,24839.55,1
2017-10-30,24988.55,0
2017-10-31,25019.35,1
2017-11-01,25490.45,1
2017-11-02,25427.3,1
2017-11-03,25650.7,1
2017-11-06,25571.15,0
2017-11-07,25300.8,-1
2017-11-08,25184.35,-1
2017-11-09,25291.35,-1
2017-11-10,25498.95,1
2017-11-13,25358.3,1
2017-11-14,25284.6,-1
2017-11-15,25218.9,-1
2017-11-16,25446.6,1
2017-11-17,25728.4,1
2017-11-20,25768.6,1
2017-11-21,25757.5,1
2017-11-22,25766.65,-1
2017-11-23,25736.25,-1
2017-11-24,25779.65,1
2017-11-27,25891.95,1
2017-11-28,25846.4,1
2017-11-29,25795.7,1
2017-11-30,25332.4,-1
2017-12-01,25191.95,-1
2017-12-04,25075.1,-1
2017-12-05,25124.85,-1
2017-12-06,24851.8,-1
2017-12-07,25057.25,-1
2017-12-08,25321.15,1
2017-12-11,25404.85,1
2017-12-12,25125.45,-1
2017-12-13,25000.35,-1
2017-12-14,25168.2,-1
2017-12-15,25440.3,1
2017-12-18,25594.55,-1
2017-12-19,25716.2,-1
2017-12-20,25591.7,1
2017-12-21,25554.3,-1
2017-12-22,25648.55,-1
2017-12-26,25675.25,1
2017-12-27,25496.05,-1
2017-12-28,25490,-1
2017-12-29,25539.45,-1
2018-01-01,25318.1,-1
2018-01-02,25338.25,-1
2018-01-03,25318.6,-1
2018-01-04,25462.6,1
2018-01-05,25601.85,1
2018-01-08,25676.1,1
2018-01-09,25703.8,1
2018-01-10,25617.3,-1
2018-01-11,25660.9,-1
2018-01-12,25749.05,1
2018-01-15,26069.2,1
2018-01-16,25974.9,1
2018-01-17,26289.1,1
2018-01-18,26537.4,1
2018-01-19,26909.5,1
2018-01-22,27041.2,1
2018-01-23,27390.6,1
2018-01-24,27398.55,1
2018-01-25,27445.65,1
2018-01-29,27498.45,1
2018-01-30,27269.05,1
2018-01-31,27379.45,-1
2018-02-01,27220.7,1
2018-02-02,26451.15,-1
2018-02-05,26098.75,-1
2018-02-06,25811.3,-1
2018-02-07,25670,-1
2018-02-08,25920.65,-1
2018-02-09,25463.65,-1
2018-02-12,25701.6,-1
2018-02-14,25341.25,-1
2018-02-15,25424.35,-1
2018-02-16,25163.9,-1
2018-02-19,25058.55,-1
2018-02-20,24874.4,-1
2018-02-21,24936.7,-1
2018-02-22,24955.2,-1
2018-02-23,25302.5,1
2018-02-26,25687.9,1
2018-02-27,25383.6,1
2018-02-28,25107.4,-1
2018-03-01,24902.55,-1
2018-03-05,24818.7,-1
2018-03-06,24448.45,-1
2018-03-07,24134.1,-1
2018-03-08,24477.65,-1
2018-03-09,24296.45,1
2018-03-12,24664.2,1
2018-03-13,24738.65,1
2018-03-14,24851.65,1
2018-03-15,24791.85,0
2018-03-16,24489.55,-1
2018-03-19,24245.1,-1
2018-03-20,24168.2,-1
2018-03-21,24255.6,-1
2018-03-22,24141.5,0
2018-03-23,23670.4,-1
2018-03-26,24244.35,-1
2018-03-27,24434.15,1
2018-03-28,24263.35,1
2018-04-02,24328.5,-1
2018-04-03,24510.6,1
2018-04-04,24129.5,1
2018-04-05,24759.8,1
2018-04-06,24873.15,1
2018-04-09,25093.8,1
2018-04-10,25226.8,1
2018-04-11,25098.25,1
2018-04-12,25195.1,0
2018-04-13,25200.6,1
2018-04-16,25320.85,1
2018-04-17,25334.45,0
2018-04-18,25102.3,-1
2018-04-19,25126.15,-1
2018-04-20,24943.85,-1
2018-04-23,24960.65,-1
2018-04-24,25042.1,-1
2018-04-25,24814.4,0
2018-04-26,25010.9,0
2018-04-27,25394.6,1
2018-04-30,25531.6,1
2018-05-02,25568.3,1
2018-05-03,25605.25,1
2018-05-04,25645.4,0
2018-05-07,25852.05,1
2018-05-08,26090.5,1
2018-05-09,26154.45,1
2018-05-10,26131,1
2018-05-11,26413.15,1
2018-05-14,26475.15,1
2018-05-15,26474,1
2018-05-16,26182.15,-1
2018-05-17,26073.8,-1
2018-05-18,25875.6,-1
2018-05-21,25750.8,-1
2018-05-22,25777.7,0
2018-05-23,25684.95,-1
2018-05-24,26016.8,1
2018-05-25,26273.55,1
2018-05-28,26614.25,1
2018-05-29,26254.8,1
2018-05-30,26327.8,-1
2018-05-31,26956.2,1
2018-06-01,26692.8,1
2018-06-04,26257.55,-1
2018-06-05,26251,-1
2018-06-06,26367.6,-1
2018-06-07,26517.8,1
2018-06-08,26451.35,1
2018-06-11,26453.55,0
2018-06-12,26607.1,1
2018-06-13,26642.8,1
2018-06-14,26562.25,1
2018-06-15,26417.4,-1
2018-06-18,26409.3,-1
2018-06-19,26265.75,-1
2018-06-20,26557.7,1
2018-06-21,26496.95,1
2018-06-22,26766.85,1
2018-06-25,26609.7,0
2018-06-26,26601.7,0
2018-06-27,26423.4,-1
2018-06-28,26324.6,-1
2018-06-29,26364.2,-1
2018-07-02,26230.3,-1
2018-07-03,26204.1,-1
2018-07-04,26433.95,1
2018-07-05,26503.3,1
2018-07-06,26493.85,1
2018-07-09,26753.3,1
2018-07-10,26894.55,1
2018-07-11,26816.2,1
2018-07-12,27026.55,1
2018-07-13,26935.95,1
2018-07-16,26679.8,-1
2018-07-17,27008.1,-1
2018-07-18,26880.9,1
2018-07-19,26789.65,1
2018-07-20,26873.2,-1
2018-07-23,27008.15,1
2018-07-24,26974.4,1
2018-07-25,27031.3,1
2018-07-26,27406.4,1
2018-07-27,27634.4,1
2018-07-30,27842.6,1
2018-07-31,27764.15,1
2018-08-01,27596.6,-1
2018-08-02,27355.95,-1
2018-08-03,27695.5,-1
2018-08-06,27898.5,1
2018-08-07,27875.9,1
2018-08-08,28062.45,1
2018-08-09,28320,1
2018-08-10,28124.25,1
2018-08-13,27794.4,-1
2018-08-14,28021.7,-1
2018-08-16,27826.55,0
2018-08-17,28128.55,1
2018-08-20,28274.25,1
2018-08-21,28257.9,1
2018-08-23,28027.9,-1
2018-08-24,27834.7,-1
2018-08-27,28264.2,-1
2018-08-28,28269.65,1
2018-08-29,28224.1,1
2018-08-30,28103.25,-1
2018-08-31,28061.75,-1
2018-09-03,27819.5,-1
2018-09-04,27430.75,-1
2018-09-05,27376.05,-1
2018-09-06,27468.7,-1
2018-09-07,27481.45,0
2018-09-10,27201.75,-1
2018-09-11,26807.5,-1
2018-09-12,26819.2,-1
2018-09-14,27163.85,-1
2018-09-17,26820.3,0
2018-09-18,26441.45,-1
2018-09-19,26277.35,-1
2018-09-21,25596.9,-1
2018-09-24,24970.35,-1
2018-09-25,25330.35,-1
2018-09-26,25376.3,-1
2018-09-27,25042.15,0
2018-09-28,25119.85,-1
2018-10-01,25367,-1
2018-10-03,25069.9,1
2018-10-04,24819.3,-1
2018-10-05,24443.45,-1
2018-10-08,24618.35,-1
2018-10-09,24527.65,-1
2018-10-10,25321.7,1
2018-10-11,24783.95,1
2018-10-12,25395.85,1
2018-10-15,25388.05,1
2018-10-16,25589.65,1
2018-10-17,25188.6,-1
2018-10-19,25085.8,-1
2018-10-22,25078.6,-1
2018-10-23,24972.45,-1
2018-10-24,25064.2,-1
2018-10-25,24817.45,-1
2018-10-26,24421.05,-1
2018-10-29,24959.7,1
2018-10-30,24807.75,1
2018-10-31,25153.25,1
2018-11-01,25323.65,1
2018-11-02,25701.65,1
2018-11-05,25732.2,1
2018-11-06,25598,1
2018-11-07,25769.7,1
2018-11-09,25771,1
2018-11-12,25539.75,-1
2018-11-13,25768.6,-1
2018-11-14,25930.15,1
2018-11-15,26154.75,1
2018-11-16,26245.55,1
2018-11-19,26300.7,1
2018-11-20,26113.35,-1
2018-11-21,26262.05,-1
2018-11-22,25999.45,-1
2018-11-26,26365.6,1
2018-11-27,26443.1,1
2018-11-28,26457.95,1
2018-11-29,26939.6,1
2018-11-30,26862.95,1
2018-12-03,26857.55,1
2018-12-04,26693.8,-1
2018-12-05,26519.6,-1
2018-12-06,26198.3,-1
2018-12-07,26594.3,1
2018-12-10,26102.65,-1
2018-12-11,26163.4,-1
2018-12-12,26643.85,1
2018-12-13,26816.35,1
2018-12-14,26826,1
2018-12-17,27015.8,1
2018-12-18,27174.7,1
2018-12-19,27298.4,1
2018-12-20,27275.1,1
2018-12-21,26869.65,-1
2018-12-24,26714.75,-1
2018-12-26,26986.8,-1
2018-12-27,26878.55,1
2018-12-28,27125.25,1
2018-12-31,27160.2,1
2019-01-01,27392.4,-1
2019-01-02,27174.7,-1
2019-01-03,26959.85,-1
2019-01-04,27195,-1
2019-01-07,27304.55,1
2019-01-08,27509.5,1
2019-01-09,27720.4,1
2019-01-10,27528.55,1
2019-01-11,27453.9,-1
2019-01-14,27248.25,-1
2019-01-15,27400.75,-1
2019-01-16,27483.7,1
2019-01-17,27528.75,1
2019-01-18,27456.7,0
2019-01-21,27533.6,1
2019-01-22,27482.25,-1
2019-01-23,27250.75,-1
2019-01-24,27266.4,-1
2019-01-25,27115.3,-1
2019-01-28,26653.05,-1
2019-01-29,26573.4,-1
2019-01-30,26825.5,-1
2019-01-31,27295.45,1
2019-02-01,27085.95,1
2019-02-04,27186.6,-1
2019-02-05,27271.7,-1
2019-02-06,27402.35,1
2019-02-07,27387.15,1
2019-02-08,27294.4,-1
2019-02-11,27227.8,-1
2019-02-12,27010.75,-1
2019-02-14,26970.6,-1
2019-02-15,26794.25,-1
2019-02-18,26654.25,-1
2019-02-19,26684.85,-1
2019-02-20,26955.5,0
2019-02-21,27052.4,1
2019-02-22,26867.55,1
2019-02-25,27159.25,1
2019-02-26,26952.95,-1
2019-02-27,26799.3,-1
2019-02-28,26789.9,0
2019-03-01,27043.9,0
2019-03-05,27554.05,1
2019-03-06,27625.65,1
2019-03-07,27764.6,1
2019-03-08,27761.8,1
2019-03-11,27966.65,1
2019-03-12,28443.7,1
2019-03-13,28884.3,1
2019-03-14,28923.1,1
2019-03-15,29381.45,1
2019-03-18,29596.1,1
2019-03-19,29767.85,1
2019-03-20,29832.2,1
2019-03-22,29582.5,-1
2019-03-25,29281.2,-1
2019-03-26,29882.15,-1
2019-03-27,30019.8,1
2019-03-28,30420.55,1
2019-04-01,30326.5,1
2019-04-02,30354.25,1
2019-04-03,30093.3,-1
2019-04-04,29904.9,-1
2019-04-05,30084.65,-1
2019-04-08,29845.3,-1
2019-04-09,30113.85,-1
2019-04-10,29803.5,-1
2019-04-11,29786.1,-1
2019-04-12,29938.55,-1
2019-04-15,30104.25,1
2019-04-16,30531.35,1
2019-04-18,30223.4,1
2019-04-22,29687.95,-1
2019-04-23,29479.7,-1
2019-04-24,29860.8,-1
2019-04-25,29561.35,1
2019-04-26,30013.5,1
2019-04-30,29764.8,1
2019-05-02,29708.6,0
2019-05-03,29954.15,1
2019-05-06,29618.45,-1
2019-05-07,29288.2,-1
2019-05-08,28994.4,-1
2019-05-09,28884.6,-1
2019-05-10,29040.5,-1
2019-05-13,28659.95,-1
2019-05-14,28829.2,-1
2019-05-15,28616.45,-1
2019-05-16,28855.3,-1
2019-05-17,29450.15,1
2019-05-20,30759.7,1
2019-05-21,30308.4,1
2019-05-22,30526.8,1
2019-05-23,30409.1,1
2019-05-24,31212.55,1
2019-05-27,31647.65,1
2019-05-28,31597.9,1
2019-05-29,31295.55,1
2019-05-30,31537.1,-1
2019-05-31,31375.4,1
2019-06-03,31653.65,1
2019-06-04,31589.05,1
2019-06-06,30857.4,-1
2019-06-07,31066.55,-1
2019-06-10,31034,-1
2019-06-11,31265.45,1
2019-06-12,30965.7,1
2019-06-13,30976.1,-1
2019-06-14,30614.35,-1
2019-06-17,30273.25,-1
2019-06-18,30351,-1
2019-06-19,30362.1,1
2019-06-20,30781.1,-1
2019-06-21,30628.35,-1
2019-06-24,30602.05,0
2019-06-25,30847.05,1
2019-06-26,31162.35,1
2019-06-27,31269.5,1
2019-06-28,31105.2,1
2019-07-01,31372.2,0
2019-07-02,31283.3,0
2019-07-03,31382.3,1
2019-07-04,31471.85,1
2019-07-05,31475.8,1
2019-07-08,30603.85,-1
2019-07-09,30569.15,-1
2019-07-10,30522.1,-1
2019-07-11,30716.55,1
2019-07-12,30601.45,1
2019-07-15,30445.95,-1
2019-07-16,30570.8,-1
2019-07-17,30735.5,1
2019-07-18,30430.6,-1
2019-07-19,29770.35,-1
2019-07-22,29284.95,-1
2019-07-23,29128.1,-1
2019-07-24,28952.25,-1
2019-07-25,29043.05,-1
2019-07-26,29325.3,1
2019-07-29,29295.9,1
2019-07-30,28791.6,-1
2019-07-31,28876,-1
2019-08-01,28367.25,-1
2019-08-02,28204.95,-1
2019-08-05,27648.05,-1
2019-08-06,28022.1,-1
2019-08-07,27702.05,1
2019-08-08,28110.45,1
2019-08-09,28431.9,1
2019-08-13,27729.1,1
2019-08-14,28019.2,0
2019-08-16,28217,0
2019-08-19,28186.1,1
2019-08-20,27982.45,1
2019-08-21,27719.05,-1
2019-08-22,27034.2,-1
2019-08-23,26958.65,-1
2019-08-26,27951.35,1
2019-08-27,28126.15,1
2019-08-28,27804.3,1
2019-08-29,27305.2,-1
2019-08-30,27427.85,-1
2019-09-03,26824.15,-1
2019-09-04,27123.85,-1
2019-09-05,26919.7,0
2019-09-06,27247.9,1
2019-09-09,27504.65,1
2019-09-11,27776.2,1
2019-09-12,27818.5,1
2019-09-13,28098.75,1
2019-09-16,27855,0
2019-09-17,27131.75,-1
2019-09-18,27172.65,-1
2019-09-19,26757.65,-1
2019-09-20,28981.55,1
2019-09-23,30566.2,1
2019-09-24,30183.1,1
2019-09-25,29586.05,-1
2019-09-26,30002.6,1
2019-09-27,29876.65,1
2019-09-30,29103.15,-1
2019-10-01,28725.5,-1
2019-10-03,28414.1,-1
2019-10-04,27731.85,-1
2019-10-07,27767.55,-1
2019-10-09,28785.85,1
2019-10-10,28013.45,1
2019-10-11,28042.5,1
2019-10-14,28181.95,0
2019-10-15,28555.1,1
2019-10-16,28538.8,1
2019-10-17,28989.45,1
2019-10-18,29120.25,1
2019-10-22,29411.15,1
2019-10-23,29459.6,1
2019-10-24,29107.95,-1
2019-10-25,29395.95,-1
2019-10-29,29873.05,1
2019-10-30,29987.5,1
2019-10-31,30066.25,1
2019-11-01,30330.55,1
2019-11-04,30333.1,1
2019-11-05,30219.85,1
2019-11-06,30609.6,1
2019-11-07,30633.15,1
2019-11-08,30749.4,1
2019-11-11,31115.55,1
2019-11-13,30541.55,-1
2019-11-14,30749.95,-1
2019-11-15,31008.4,-1
2019-11-18,30992.1,1
2019-11-19,31236.25,1
2019-11-20,31353.85,1
2019-11-21,31349.95,1
2019-11-22,31111.6,-1
2019-11-25,31555.9,1
2019-11-26,31718.35,1
2019-11-27,31875.95,1
2019-11-28,32122.95,1
2019-11-29,31946.1,1
2019-12-02,31871.45,-1
2019-12-03,31613.35,-1
2019-12-04,31979.3,-1
2019-12-05,31712.95,1
2019-12-06,31341.55,-1
2019-12-09,31316.65,-1
2019-12-10,31160.35,-1
2019-12-11,31256.75,-1
2019-12-12,31665.45,1
2019-12-13,32014.25,1
2019-12-16,31974.2,1
2019-12-17,32140.25,1
2019-12-18,32244.25,1
2019-12-19,32241.45,1
2019-12-20,32384.95,1
2019-12-23,32339.45,1
2019-12-24,32280.75,0
2019-12-26,31997.7,-1
2019-12-27,32412.35,1
2019-12-30,32354.9,1
2019-12-31,32161.65,1
2020-01-01,32102.9,-1
2020-01-02,32443.85,1
2020-01-03,32069.25,-1
2020-01-06,31237.15,-1
2020-01-07,31399.4,-1
2020-01-08,31373.65,-1
2020-01-09,32092.4,1
2020-01-10,32097.4,1
2020-01-13,32177.65,1
2020-01-14,32071.65,1
2020-01-15,31824.9,-1
2020-01-16,31853.9,-1
2020-01-17,31590.65,-1
2020-01-20,31080.65,-1
2020-01-21,30947.55,-1
2020-01-22,30701.45,-1
2020-01-23,31004.05,-1
2020-01-24,31241.75,1
2020-01-27,30837.4,1
2020-01-28,30761.4,-1
2020-01-29,30877,-1
2020-01-30,30647.4,-1
2020-01-31,30833.6,-1
2020-02-03,30023.25,-1
2020-02-04,30686.7,-1
2020-02-05,31001.95,1
2020-02-06,31304.05,1
2020-02-07,31201.95,1
2020-02-10,31058.15,1
2020-02-11,31300.6,1
2020-02-12,31492.9,1
2020-02-13,31230.25,-1
2020-02-14,30834.8,-1
2020-02-17,30680.7,-1
2020-02-18,30562.5,-1
2020-02-19,30838.2,-1
2020-02-20,30942.85,1
2020-02-24,30455.1,-1
2020-02-25,30432.7,-1
2020-02-26,30306.85,-1
2020-02-27,30187,-1
2020-02-28,29147.15,-1
2020-03-02,28868.4,-1
2020-03-03,29177.05,0
2020-03-04,28653.7,-1
2020-03-05,28815.35,-1
2020-03-06,27801.45,-1
2020-03-09,26462.6,-1
2020-03-11,26487.8,-1
2020-03-12,23971.15,-1
2020-03-13,25166.45,-1
2020-03-16,23101.15,0
2020-03-17,22155.15,0
2020-03-18,20580.2,-1
2020-03-19,20083.5,-1
2020-03-20,20317.6,-1
2020-03-23,16917.65,-1
2020-03-24,17107.3,-1
2020-03-25,18481.05,-1
2020-03-26,19613.9,1
2020-03-27,19969,1
2020-03-30,18782.4,1
2020-03-31,19144,0
2020-04-01,18208.35,-1
2020-04-03,17249.3,-1
2020-04-07,19062.5,1
2020-04-08,18946.45,1
2020-04-09,19913.6,1
2020-04-13,19488,1
2020-04-15,19057.05,-1
2020-04-16,19400,-1
2020-04-17,20681.45,1
2020-04-20,20522.65,1
2020-04-21,19409.35,-1
2020-04-22,19701.85,-1
2020-04-23,20267.95,1
2020-04-24,19586.65,1
2020-04-27,20081.15,0
2020-04-28,20671.1,1
2020-04-29,21090.2,1
2020-04-30,21534.5,1
2020-05-04,19743.75,-1
2020-05-05,19271.75,-1
2020-05-06,19694.55,-1
2020-05-07,19491.8,-1
2020-05-08,19352.9,1
2020-05-11,18950.5,-1
2020-05-12,18862.85,-1
2020-05-13,19634.95,1
2020-05-14,19068.5,1
2020-05-15,18833.95,-1
2020-05-18,17573.2,-1
2020-05-19,17486.25,-1
2020-05-20,17840.2,-1
2020-05-21,17735.1,1
2020-05-22,17278.9,-1
2020-05-26,17440.35,-1
2020-05-27,18710.55,1
2020-05-28,19169.8,1
2020-05-29,19297.25,1
2020-06-01,19959.9,1
2020-06-02,20530.2,1
2020-06-03,20940.7,1
2020-06-04,20390.45,1
2020-06-05,21034.5,0
2020-06-08,21187.35,1
2020-06-09,20724.9,1
2020-06-10,21100.1,0
2020-06-11,20525.15,-1
2020-06-12,20654.55,-1
2020-06-15,19912.9,-1
2020-06-16,20296.7,-1
2020-06-17,20201.75,0
2020-06-18,20956.3,1
2020-06-19,21338.1,1
2020-06-22,21708.35,1
2020-06-23,22264.9,1
2020-06-24,21426.8,-1
2020-06-25,21506.15,-1
2020-06-26,21592.05,-1
2020-06-29,21359,0
2020-06-30,21370.15,0
2020-07-01,21977.6,1
2020-07-02,21953.2,1
2020-07-03,21852.4,1
2020-07-06,22198.95,1
2020-07-07,22628,1
2020-07-08,22584.65,1
2020-07-09,22907.2,1
2020-07-10,22398.45,-1
2020-07-13,22089.25,-1
2020-07-14,21392.2,-1
2020-07-15,21340.75,-1
2020-07-16,21597.15,-1
2020-07-17,21966.8,1
2020-07-20,22321.85,1
2020-07-21,22782,1
2020-07-22,22882.6,1
2020-07-23,23083.9,1
2020-07-24,22662.05,-1
2020-07-27,21848.75,-1
2020-07-28,22105.2,-1
2020-07-29,22076.6,-1
2020-07-30,21646.85,-1
2020-07-31,21640.05,-1
2020-08-03,21072.1,-1
2020-08-04,21490.5,-1
2020-08-05,21509.95,1
2020-08-06,21642.6,1
2020-08-07,21754,0
2020-08-10,21900.25,1
2020-08-11,22227.2,1
2020-08-12,22264,1
2020-08-13,22196.35,1
2020-08-14,21679.4,-1
2020-08-17,21700.85,-1
2020-08-18,22170.6,-1
2020-08-19,22285.9,1
2020-08-20,21999.45,1
2020-08-21,22299.6,0
2020-08-24,22833,1
2020-08-25,23092.15,1
2020-08-26,23414.2,1
2020-08-27,23600.35,1
2020-08-28,24523.8,1
2020-08-31,23754.35,-1
2020-09-01,23812,-1
2020-09-02,23874.55,-1
2020-09-03,23530.85,-1
2020-09-04,23011.5,-1
2020-09-07,22945.05,-1
2020-09-08,22744.4,-1
2020-09-09,22267,-1
2020-09-10,22466.2,-1
2020-09-11,22479.95,0
2020-09-14,22101.25,-1
2020-09-15,22465.65,-1
2020-09-16,22573.55,-1
2020-09-17,22320.35,0
2020-09-18,22031.05,-1
2020-09-21,21366.8,-1
2020-09-22,21139.1,-1
2020-09-23,21178.5,-1
2020-09-24,20456.85,-1
2020-09-25,20982.35,-1
2020-09-28,21665.5,1
2020-09-29,21411.3,1
2020-09-30,21451.8,1
2020-10-01,22246,1
2020-10-05,22370.95,1
2020-10-06,22853.7,1
2020-10-07,22964.8,1
2020-10-08,23191.35,1
2020-10-09,23846.8,1
2020-10-12,23712.8,1
2020-10-13,23492.2,1
2020-10-14,23874.65,-1
2020-10-15,23072.4,1
2020-10-16,23533.25,1
2020-10-19,24266.75,1
2020-10-20,24311.8,1
2020-10-21,24635.05,1
2020-10-22,24484.15,1
2020-10-23,24478.3,1
2020-10-26,24075.45,-1
2020-10-27,24769.5,1
2020-10-28,24232.5,1
2020-10-29,24092,-1
2020-10-30,23900.9,-1
2020-11-02,24892.5,1
2020-11-03,25682.8,1
2020-11-04,25771.6,1
2020-11-05,26313.1,1
2020-11-06,26798.95,1
2020-11-09,27534.1,1
2020-11-10,28606,1
2020-11-11,28845,1
2020-11-12,28278.8,1
2020-11-13,28465.7,-1
2020-11-17,29181.3,1
2020-11-18,29749.85,1
2020-11-19,28903.05,1
2020-11-20,29236,-1
2020-11-23,29024.2,-1
2020-11-24,29737.25,1
2020-11-25,29196.4,1
2020-11-26,29549.75,-1
2020-11-27,29609.05,-1
2020-12-01,29817.85,1
2020-12-02,29463.15,-1
2020-12-03,29448.75,-1
2020-12-04,30052.4,1
2020-12-07,30211.55,1
2020-12-08,30261.9,1
2020-12-09,30709.4,1
2020-12-10,30510.35,1
2020-12-11,30604.85,1
2020-12-14,30745.9,1
2020-12-15,30691.05,1
2020-12-16,30698.4,1
2020-12-17,30847.05,1
2020-12-18,30714.65,-1
2020-12-21,29456.45,-1
2020-12-22,29625.95,-1
2020-12-23,29883.3,-1
2020-12-24,30402.2,1
2020-12-28,30880.95,1
2020-12-29,31322.5,1
2020-12-30,31303.05,1
2020-12-31,31264.05,1
2021-01-01,31225.85,1
2021-01-04,31212.45,-1
2021-01-05,31722.25,1
2021-01-06,31797.9,1
2021-01-07,31956,1
2021-01-08,32084.2,1
2021-01-11,31998.9,-1
2021-01-12,32339,1
2021-01-13,32574.65,1
2021-01-14,32519.75,1
2021-01-15,32246.8,-1
2021-01-18,31811.75,-1
2021-01-19,32424.85,-1
2021-01-20,32543.7,1
2021-01-21,32186.9,1
2021-01-22,31167.25,-1
2021-01-25,31198.4,-1
2021-01-27,30284.55,-1
2021-01-28,30358.3,-1
2021-01-29,30565.5,-1
2021-02-01,33089.05,1
2021-02-02,34267.9,1
2021-02-03,34758.45,1
2021-02-04,35344.8,1
2021-02-05,35654.5,1
2021-02-08,35983.65,1
2021-02-09,36056.5,1
2021-02-10,35783.1,-1
2021-02-11,35752.1,-1
2021-02-12,36108.9,1
2021-02-15,37306.25,1
2021-02-16,37098.4,1
2021-02-17,36910.95,1
2021-02-18,36587,-1
2021-02-19,35841.6,-1
2021-02-22,35257.2,-1
2021-02-23,35116.95,-1
2021-02-24,36452.3,1
2021-02-25,36549,1
2021-02-26,34803.6,-1
2021-03-01,35296,-1
2021-03-02,35419.7,-1
2021-03-03,36368.05,1
2021-03-04,35802.5,1
2021-03-05,35228.15,-1
2021-03-08,35275.75,-1
2021-03-09,35865.65,1
2021-03-10,35938.3,1
2021-03-12,35496.65,-1
2021-03-15,35182.55,-1
2021-03-16,34804.6,-1
2021-03-17,34229.25,-1
2021-03-18,33856.8,-1
2021-03-19,34161.6,-1
2021-03-22,33603.45,-1
2021-03-23,34184.4,1
2021-03-24,33293.25,-1
2021-03-25,33006.45,-1
2021-03-26,33318.2,-1
2021-03-30,33875.1,1
2021-03-31,33303.9,-1
2021-04-01,33858,-1
2021-04-05,32678.85,-1
2021-04-06,32501.35,-1
2021-04-07,32991.2,-1
2021-04-08,32782.85,1
2021-04-09,32448.05,1
2021-04-12,30792,-1
2021-04-13,31771.6,-1
2021-04-15,32112.85,1
2021-04-16,31977.45,1
2021-04-19,31208.4,-1
2021-04-20,31112.7,-1
2021-04-22,31782.6,1
2021-04-23,31722.3,1
2021-04-26,32275.15,1
2021-04-27,32735.35,1
2021-04-28,33722.8,1
2021-04-29,33714.5,1
2021-04-30,32781.8,-1
2021-05-03,32465.75,-1
2021-05-04,32270.35,-1
2021-05-05,32783.7,0
2021-05-06,32827.8,0
2021-05-07,32904.5,1
2021-05-10,33142.4,1
2021-05-11,32872.2,-1
2021-05-12,32452.3,-1
2021-05-14,32169.55,-1
2021-05-17,33459.25,1
2021-05-18,33922.4,1
2021-05-19,33685.2,1
2021-05-20,33334.55,-1
2021-05-21,34606.9,1
2021-05-24,34943.6,1
2021-05-25,34662,1
2021-05-26,34684.2,0
2021-05-27,35095.05,1
2021-05-28,35141.45,1
2021-05-31,35526.65,1
2021-06-01,35337.2,1
2021-06-02,35373.75,1
2021-06-03,35649,1
2021-06-04,35291.65,1
2021-06-07,35443.65,0
2021-06-08,35085.3,-1
2021-06-09,34800.5,-1
2021-06-10,35131.2,-1
2021-06-11,35047.4,-1
2021-06-14,34950.6,-1
2021-06-15,35247.75,-1
2021-06-16,35003.5,1
2021-06-17,34605.4,-1
2021-06-18,34558,-1
2021-06-21,34871.3,1
2021-06-22,34745,1
2021-06-23,34574,1
2021-06-24,34827,0
2021-06-25,35364.65,1
2021-06-28,35359.45,1
2021-06-29,35010.3,-1
2021-06-30,34772.2,-1
2021-07-01,34684,-1
2021-07-02,34809.9,-1
2021-07-05,35212,1
2021-07-06,35579.15,1
2021-07-07,35771.3,1
2021-07-08,35274.1,-1
2021-07-09,35071.95,-1
2021-07-12,35198.9,-1
2021-07-13,35673.4,1
2021-07-14,35668.25,1
2021-07-15,35907.65,1
2021-07-16,35751.8,1
2021-07-19,35079.2,-1
2021-07-20,34415.45,-1
2021-07-22,34677.3,-1
2021-07-23,35034.4,1
2021-07-26,34949.7,1
2021-07-27,34797.45,1
2021-07-28,34532.9,-1
2021-07-29,34691.5,-1
2021-07-30,34584.35,-1
2021-08-02,34710,1
2021-08-03,35207.45,1
2021-08-04,36028.05,1
2021-08-05,35834.75,1
2021-08-06,35809.25,1
2021-08-09,36028.95,-1
2021-08-10,36034.1,1
2021-08-11,35806.4,-1
2021-08-12,35937.05,-1
2021-08-13,36169.35,1
2021-08-16,36094.5,1
2021-08-17,35867.45,-1
2021-08-18,35554.5,-1
2021-08-20,35033.85,-1
2021-08-23,35124.4,-1
2021-08-24,35712.1,1
2021-08-25,35586.25,1
2021-08-26,35617.55,1
2021-08-27,35627.8,-1
2021-08-30,36347.65,1
2021-08-31,36424.6,1
2021-09-01,36574.3,1
2021-09-02,36831.3,1
2021-09-03,36761.15,1
2021-09-06,36592.35,1
2021-09-07,36468.8,-1
2021-09-08,36768.2,-1
2021-09-09,36683.2,1
2021-09-13,36471.8,-1
2021-09-14,36613.05,-1
2021-09-15,36852.25,1
2021-09-16,37668.6,1
2021-09-17,37811.95,1
2021-09-20,37145.7,1
2021-09-21,37235.85,-1
2021-09-22,36944.65,-1
2021-09-23,37771.7,1
2021-09-24,37830.3,1
2021-09-27,38171.25,1
2021-09-28,37945,-1
2021-09-29,37743,-1
2021-09-30,37425.1,-1
2021-10-01,37225.9,-1
2021-10-04,37579.65,-1
2021-10-05,37741,1
2021-10-06,37521.55,1
2021-10-07,37753.2,1
2021-10-08,37775.25,1
2021-10-11,38293.8,1
2021-10-12,38521.5,1
2021-10-13,38635.75,1
2021-10-14,39340.9,1
2021-10-18,39684.8,1
2021-10-19,39540.5,1
2021-10-20,39518.2,-1
2021-10-21,40030.2,1
2021-10-22,40323.65,1
2021-10-25,41192.4,1
2021-10-26,41238.3,1
2021-10-27,40874.35,1
2021-10-28,39508.95,-1
2021-10-29,39115.6,-1
2021-11-01,39763.75,-1
2021-11-02,39938.45,1
2021-11-03,39402.05,1
2021-11-04,39573.7,0
2021-11-08,39438.25,-1
2021-11-09,39368.8,-1
2021-11-10,39023.25,-1
2021-11-11,38560.2,-1
2021-11-12,38733.35,-1
2021-11-15,38702.35,1
2021-11-16,38307.1,-1
2021-11-17,38041.55,-1
2021-11-18,37976.25,-1
2021-11-22,37128.8,-1
2021-11-23,37272.8,-1
2021-11-24,37441.95,-1
2021-11-25,37364.75,0
2021-11-26,36025.5,-1
2021-11-29,35976.45,-1
2021-11-30,35695.3,-1
2021-12-01,36364.9,0
2021-12-02,36508.25,0
2021-12-03,36197.15,1
2021-12-06,35735.9,-1
2021-12-07,36618.4,-1
2021-12-08,37284.7,1
2021-12-09,37082.45,1
2021-12-10,37105.65,-1
2021-12-13,36925.25,1
2021-12-14,36893.95,-1
2021-12-15,36789.55,-1
2021-12-16,36548.65,-1
2021-12-17,35618.65,-1
2021-12-20,34439.85,-1
2021-12-21,34607.85,-1
2021-12-22,35029.5,-1
2021-12-23,35191.15,1
2021-12-24,34857.05,-1
2021-12-27,35057.9,-1
2021-12-28,35183.8,1
2021-12-29,35045.4,1
2021-12-30,35063.6,-1
2021-12-31,35481.7,1
2022-01-03,36421.9,1
2022-01-04,36840.15,1
2022-01-05,37695.9,1
2022-01-06,37490.25,1
2022-01-07,37739.6,1
2022-01-10,38347.9,1
2022-01-11,38442.2,1
2022-01-12,38727.55,1
2022-01-13,38469.95,1
2022-01-14,38370.4,-1
2022-01-17,38216.15,-1
2022-01-18,38210.3,1
2022-01-19,38041.35,-1
2022-01-20,37850.85,-1
2022-01-21,37574.3,-1
2022-01-24,36947.55,-1
2022-01-25,37706.75,1
2022-01-27,37982.1,1
2022-01-28,37689.4,1
2022-01-31,37975.35,1
2022-02-01,38505.5,1
2022-02-02,39330.5,1
2022-02-03,39010,1
2022-02-04,38789.35,-1
2022-02-07,37995.45,-1
2022-02-08,38028.45,-1
2022-02-09,38610.25,-1
2022-02-10,39010.95,1
2022-02-11,38517.25,1
2022-02-14,36908.55,-1
2022-02-15,38170.1,-1
2022-02-16,37953.8,1
2022-02-17,37531.65,1
2022-02-18,37599.15,-1
2022-02-21,37685.6,-1
2022-02-22,37371.65,-1
2022-02-23,37392.05,-1
2022-02-24,35228.1,-1
2022-02-25,36430.75,-1
2022-02-28,36205.3,-1
2022-03-02,35372.8,-1
2022-03-03,34944.3,-1
2022-03-04,34407.8,-1
2022-03-07,32871.25,-1
2022-03-08,33158.1,-1
2022-03-09,33815.45,1
2022-03-10,34475.6,1
2022-03-11,34546.25,1
2022-03-14,35312.15,1
2022-03-15,35022.65,1
2022-03-16,35748.25,1
2022-03-17,36428.55,1
2022-03-21,36018.5,1
2022-03-22,36348.55,-1
2022-03-23,36147.35,1
2022-03-24,35527.1,1
2022-03-25,35410.1,-1
2022-03-28,35710.5,-1
2022-03-29,35847.4,1
2022-03-30,36334.3,1
2022-03-31,36373.6,1
2022-04-01,37148.5,1
2022-04-04,38635.2,1
2022-04-05,38067.9,1
2022-04-06,37632.8,-1
2022-04-07,37557.35,-1
2022-04-08,37752.05,0
2022-04-11,37613.8,0
2022-04-12,37747.4,-1
2022-04-13,37463.4,1
2022-04-18,36729,-1
2022-04-19,36341.6,-1
2022-04-20,36314.9,0
2022-04-21,36816.1,0
2022-04-22,36044.75,-1
2022-04-25,36082.35,-1
2022-04-26,36404.8,1
2022-04-27,36028.85,1
2022-04-28,36422.2,0
2022-04-29,36088.15,1
2022-05-02,36163.75,-1
2022-05-04,35264.55,-1
2022-05-05,35232.85,0
2022-05-06,34591.2,-1
2022-05-09,34275.4,-1
2022-05-10,34482.65,-1
2022-05-11,34693.15,1
2022-05-12,33532.15,-1
2022-05-13,33121.35,-1
2022-05-16,33597.6,-1
2022-05-17,34301.9,1
2022-05-18,34163.7,1
2022-05-19,33315.65,-1
2022-05-20,34276.4,-1
2022-05-23,34247.6,1
2022-05-24,34290.15,1
2022-05-25,34339.5,0
2022-05-26,35094.9,1
2022-05-27,35613.3,1
2022-05-30,35826.95,1
2022-05-31,35487.4,-1
2022-06-01,35620.8,-1
2022-06-02,35613.65,-1
2022-06-03,35275.05,1
2022-06-06,35310.2,-1
2022-06-07,34996,-1
2022-06-08,34946.15,1
2022-06-09,35085.45,-1
2022-06-10,34483.8,-1
2022-06-13,33405.85,-1
2022-06-14,33311.35,-1
2022-06-15,33339,-1
2022-06-16,32617.1,1
2022-06-17,32743.05,-1
2022-06-20,32684.8,-1
2022-06-21,33191.75,1
2022-06-22,32845.3,1
2022-06-23,33135,-1
2022-06-24,33627.45,1
2022-06-27,33811.25,1
2022-06-28,33642.45,1
2022-06-29,33269.9,-1
2022-06-30,33425.1,-1
2022-07-01,33539.45,1
2022-07-04,33940.9,1
2022-07-05,33815.9,1
2022-07-06,34324.25,1
2022-07-07,34920.3,1
2022-07-08,35124.05,1
2022-07-11,35469.65,1
2022-07-12,35132.25,1
2022-07-13,34827.8,-1
2022-07-14,34651.2,-1
2022-07-15,34682.65,-1
2022-07-18,35358.7,1
2022-07-19,35720.35,1
2022-07-20,35972.1,1
2022-07-21,36201,1
2022-07-22,36738.95,1
2022-07-25,36726.4,1
2022-07-26,36408.5,1
2022-07-27,36783.75,-1
2022-07-28,37378.15,1
2022-07-29,37491.4,1
2022-08-01,37903.2,1
2022-08-02,38024,1
2022-08-03,37989.25,1
2022-08-04,37755.55,-1
2022-08-05,37920.6,-1
2022-08-08,38237.4,1
2022-08-10,38287.85,1
2022-08-11,38879.85,1
2022-08-12,39042.3,1
2022-08-16,39239.65,1
2022-08-17,39461.7,1
2022-08-18,39656.15,1
2022-08-19,38985.95,-1
2022-08-22,38297.75,-1
2022-08-23,38697.65,-1
2022-08-24,39038.5,1
2022-08-25,38950.75,1
2022-08-26,38987.15,1
2022-08-29,38276.7,-1
2022-08-30,39536.75,1
2022-09-01,39301.25,1
2022-09-02,39421,1
2022-09-05,39805.75,1
2022-09-06,39666.5,1
2022-09-07,39455.9,-1
2022-09-08,40208.95,1
2022-09-09,40415.7,1
2022-09-12,40574,1
2022-09-13,40873.1,1
2022-09-14,41405.4,-1
2022-09-15,41209.2,1
2022-09-16,40776.8,1
2022-09-19,40904.4,0
2022-09-20,41468.3,1
2022-09-21,41203.45,1
2022-09-22,40630.6,-1
2022-09-23,39546.25,-1
2022-09-26,38616.25,-1
2022-09-27,38359.15,-1
2022-09-28,37759.85,-1
2022-09-29,37647.75,-1
2022-09-30,38631.95,1
2022-10-03,38029.65,1
2022-10-04,39110.05,1
2022-10-06,39282.85,1
2022-10-07,39178.05,1
2022-10-10,39093.1,-1
2022-10-11,38712.45,-1
2022-10-12,39118.55,-1
2022-10-13,38624,-1
2022-10-14,39305.6,1
2022-10-17,39920.45,1
2022-10-18,40318.75,1
2022-10-19,40373.2,1
2022-10-20,40099.55,-1
2022-10-21,40784.05,1
2022-10-24,41304.9,1
2022-10-25,41122.75,1
2022-10-27,41299.3,0
2022-10-28,40990.85,-1
2022-10-31,41307.9,-1
2022-11-01,41289.55,1
2022-11-02,41146.65,-1
2022-11-03,41298.35,-1
2022-11-04,41258.45,1
2022-11-07,41686.7,1
2022-11-09,41783.2,1
2022-11-10,41603.75,-1
2022-11-11,42137.05,1
2022-11-14,42076.75,1
2022-11-15,42372.7,1
2022-11-16,42535.3,1
2022-11-17,42458.05,1
2022-11-18,42437.45,-1
2022-11-21,42346.55,-1
2022-11-22,42457.05,-1
2022-11-23,42729.1,1
2022-11-24,43075.4,1
2022-11-25,42983.95,1
2022-11-28,43020.45,-1
2022-11-29,43053.45,-1
2022-11-30,43231,1
2022-12-01,43260.65,1
2022-12-02,43103.75,1
2022-12-05,43332.95,0
2022-12-06,43138.55,0
2022-12-07,43098.7,-1
2022-12-08,43596.85,1
2022-12-09,43633.45,1
2022-12-12,43708.75,1
2022-12-13,43946.55,1
2022-12-14,44049.1,1
2022-12-15,43498.2,-1
2022-12-16,43219.5,-1
2022-12-19,43413.75,-1
2022-12-20,43359.5,-1
2022-12-21,42617.95,1
2022-12-22,42408.8,-1
2022-12-23,41668.05,-1
2022-12-26,42630.15,-1
2022-12-27,42859.5,1
2022-12-28,42827.7,1
2022-12-29,43252.35,1
2022-12-30,42986.45,0
2023-01-02,43203.1,0
2023-01-03,43425.25,1
2023-01-04,42958.8,-1
2023-01-05,42608.7,-1
2023-01-06,42188.8,-1
2023-01-09,42582.75,-1
2023-01-10,42014.75,-1
2023-01-11,42232.7,-1
2023-01-12,42082.25,-1
2023-01-13,42371.25,1
2023-01-16,42167.55,1
2023-01-17,42235.05,-1
2023-01-18,42458,-1
2023-01-19,42328.85,0
2023-01-20,42506.8,1
2023-01-23,42821.25,1
2023-01-24,42733.45,1
2023-01-25,41647.65,-1
2023-01-27,40345.3,-1
2023-01-30,40387.45,-1
2023-01-31,40655.05,-1
2023-02-01,40513,1
2023-02-02,40669.3,1
2023-02-03,41499.7,0
2023-02-06,41374.65,1
2023-02-07,41490.95,1
2023-02-08,41537.65,1
2023-02-09,41554.3,1
2023-02-10,41559.4,0
2023-02-13,41282.2,-1
2023-02-14,41648.35,1
2023-02-15,41731.05,1
2023-02-16,41631.35,1
2023-02-17,41131.75,-1
2023-02-20,40701.7,-1
2023-02-21,40673.6,-1
2023-02-22,39995.9,-1
2023-02-23,40001.55,-1
2023-02-24,39909.4,-1
2023-02-27,40307.1,1
2023-02-28,40269.05,1
2023-03-01,40698.15,1
2023-03-02,40389.8,1
2023-03-03,41251.35,1
2023-03-06,41350.4,1
2023-03-08,41577.1,1
2023-03-09,41256.75,0
2023-03-10,40485.45,-1
2023-03-13,39564.7,-1
2023-03-14,39411.4,-1
2023-03-15,39051.5,-1
2023-03-16,39132.6,-1
2023-03-17,39598.1,-1
2023-03-20,39361.95,0
2023-03-21,39894.7,1
2023-03-22,39999.05,1
2023-03-23,39616.9,1
2023-03-24,39395.35,-1
2023-03-27,39431.3,-1
2023-03-28,39567.9,-1
2023-03-29,39910.15,1
2023-03-31,40608.65,1
2023-04-03,40813.05,1
2023-04-05,40999.15,1
2023-04-06,41041,1
2023-04-10,40834.65,-1
2023-04-11,41366.5,1
2023-04-12,41557.95,1
2023-04-13,42132.55,1
2023-04-17,42262.55,1
2023-04-18,42265.2,1
2023-04-19,42154,1
2023-04-20,42269.5,0
2023-04-21,42118,-1
2023-04-24,42635.75,1
2023-04-25,42678.5,1
2023-04-26,42829.9,1
2023-04-27,43000.85,1
2023-04-28,43233.9,1
2023-05-02,43352.1,1
2023-05-03,43312.7,1
2023-05-04,43685.45,1
2023-05-05,42661.2,-1
2023-05-08,43284,-1
2023-05-09,43198.15,-1
2023-05-10,43331.05,0
2023-05-11,43475.3,1
2023-05-12,43793.55,1
2023-05-15,44072.1,1
2023-05-16,43903.7,1
2023-05-17,43698.7,-1
2023-05-18,43752.3,-1
2023-05-19,43969.4,0
2023-05-22,43885.1,0
2023-05-23,43954.45,1
2023-05-24,43677.85,-1
2023-05-25,43681.4,-1
2023-05-26,44018,1
2023-05-29,44311.9,1
2023-05-30,44436.35,1
2023-05-31,44128.15,-1
2023-06-01,43790.2,-1
2023-06-02,43937.85,-1
2023-06-05,44101.65,1
2023-06-06,44164.55,1
2023-06-07,44275.3,1
2023-06-08,43995.25,-1
2023-06-09,43989,-1
2023-06-12,43944.2,-1
2023-06-13,44079.85,-1
2023-06-14,43988,1
2023-06-15,43443.6,-1
2023-06-16,43938.15,-1
2023-06-19,43633.75,0
2023-06-20,43766.5,-1
2023-06-21,43859.2,-1
2023-06-22,43724.85,1
2023-06-23,43622.9,-1
2023-06-26,43641.05,-1
2023-06-27,44121.5,1
2023-06-28,44327.8,1
2023-06-30,44747.35,1
2023-07-03,45158.1,1
2023-07-04,45301.45,1
2023-07-05,45151.8,1
2023-07-06,45339.9,1
2023-07-07,44925,-1
2023-07-10,44860.85,-1
2023-07-11,44745.05,-1
2023-07-12,44639.45,-1
2023-07-13,44665.05,-1
2023-07-14,44819.3,-1
2023-07-17,45449.75,1
2023-07-18,45410.85,1
2023-07-19,45669.3,1
2023-07-20,46186.9,1
2023-07-21,46075.2,1
2023-07-24,45923.05,1
2023-07-25,45845,-1
2023-07-26,46062.35,-1
2023-07-27,45679.3,1
2023-07-28,45468.1,-1
2023-07-31,45651.1,-1
2023-08-01,45592.5,1
2023-08-02,44995.7,-1
2023-08-03,44513.45,-1
2023-08-04,44879.5,-1
2023-08-07,44837.5,0
2023-08-08,44964.45,0
2023-08-09,44880.7,-1
2023-08-10,44541.8,-1
2023-08-11,44199.1,-1
2023-08-14,44090.95,-1
2023-08-16,43946.4,-1
2023-08-17,43891.35,-1
2023-08-18,43851.05,0
2023-08-21,44002,1
2023-08-22,43993.25,1
2023-08-23,44479.05,1
2023-08-24,44496.2,1
2023-08-25,44231.45,1
2023-08-28,44494.65,0
2023-08-29,44495.25,1
2023-08-30,44232.6,-1
2023-08-31,43989.15,-1
2023-09-01,44436.1,-1
2023-09-04,44578.3,1
2023-09-05,44532.15,1
2023-09-06,44409.1,-1
2023-09-07,44878.35,1
2023-09-08,45156.4,1
2023-09-11,45570.7,1
2023-09-12,45511.35,1
2023-09-13,45909.45,1
2023-09-14,46000.85,1
2023-09-15,46231.5,1
2023-09-18,45979.85,1
2023-09-20,45384.6,-1
2023-09-21,44623.85,-1
2023-09-22,44612.05,-1
2023-09-25,44766.1,-1
2023-09-26,44624.2,-1
2023-09-27,44588.3,-1
2023-09-28,44300.95,-1
2023-09-29,44584.55,0
2023-10-03,44399.05,-1
2023-10-04,43964.05,-1
2023-10-05,44213.35,-1
2023-10-06,44360.6,1
2023-10-09,43886.5,-1
2023-10-10,44360.15,-1
2023-10-11,44516.9,1
2023-10-12,44599.2,1
2023-10-13,44287.95,-1
2023-10-16,44225.9,-1
2023-10-17,44409.5,1
2023-10-18,43888.7,-1
2023-10-19,43754.5,-1
2023-10-20,43723.05,-1
2023-10-23,43151.2,-1
2023-10-25,42832,-1
2023-10-26,42280.15,-1
2023-10-27,42782,-1
2023-10-30,43039.15,1
2023-10-31,42845.95,1
2023-11-01,42700.95,1
2023-11-02,43017.2,0
2023-11-03,43318.25,1
2023-11-06,43619.4,1
2023-11-07,43737.9,1
2023-11-08,43658.65,0
2023-11-09,43683.6,1
2023-11-10,43820.1,-1
2023-11-13,43891.25,1
2023-11-15,44201.7,1
2023-11-16,44161.55,1
2023-11-17,43583.95,-1
2023-11-20,43584.95,-1
2023-11-21,43689.15,-1
2023-11-22,43449.6,-1
2023-11-23,43577.5,-1
2023-11-24,43769.1,1
2023-11-28,43880.95,1
2023-11-29,44566.45,1
2023-11-30,44481.75,1
2023-12-01,44814.2,1
2023-12-04,46431.4,1
2023-12-05,47012.25,1
2023-12-06,46834.55,1
2023-12-07,46841.4,-1
2023-12-08,47262,1
2023-12-11,47314.25,1
2023-12-12,47097.55,1
2023-12-13,47092.25,-1
2023-12-14,47732.3,1
2023-12-15,48143.55,1
2023-12-18,47867.7,1
2023-12-19,47870.9,1
2023-12-20,47445.3,-1
2023-12-21,47840.15,-1
2023-12-22,47491.85,-1
2023-12-26,47724.85,0
2023-12-27,48282.2,1
2023-12-28,48508.55,1
2023-12-29,48292.25,1
2024-01-01,48234.3,-1
2024-01-02,47761.65,-1
2024-01-03,47704.95,-1
2024-01-04,48195.85,1
2024-01-05,48159,1
2024-01-08,47450.25,-1
2024-01-09,47242.65,-1
2024-01-10,47360.85,-1
2024-01-11,47438.35,-1
2024-01-12,47709.8,1
2024-01-15,48158.3,1
2024-01-16,48125.1,1
2024-01-17,46064.45,-1
2024-01-18,45713.55,-1
2024-01-19,45701.15,-1
2024-01-23,45015.05,-1
2024-01-24,45082.4,-1
2024-01-25,44866.15,-1
2024-01-29,45442.35,1
2024-01-30,45367.75,1
2024-01-31,45996.8,-1
2024-02-01,46188.65,1
2024-02-02,45970.95,1
2024-02-05,45825.55,-1
2024-02-06,45690.8,-1
2024-02-07,45818.5,1
2024-02-08,45012,-1
2024-02-09,45634.55,-1
2024-02-12,44882.25,-1
2024-02-13,45502.4,1
2024-02-14,45908.3,1
2024-02-15,46218.9,1
2024-02-16,46384.85,1
2024-02-19,46535.5,1
2024-02-20,47094.2,1
2024-02-21,47019.7,1
2024-02-22,46919.8,1
2024-02-23,46811.75,0
2024-02-26,46576.5,0
2024-02-27,46588.05,-1
2024-02-28,45963.15,-1
2024-02-29,46120.9,-1
2024-03-01,47286.9,1
2024-03-04,47456.1,1
2024-03-05,47581,1
2024-03-06,47965.4,1
2024-03-07,47835.8,1
2024-03-11,47327.85,-1
2024-03-12,47282.4,-1
2024-03-13,46981.3,-1
2024-03-14,46789.95,-1
2024-03-15,46594.1,-1
2024-03-18,46575.9,-1
2024-03-19,46384.8,-1
2024-03-20,46310.9,-1
2024-03-21,46684.9,1
2024-03-22,46863.75,1
2024-03-26,46600.2,-1
2024-03-27,46785.95,-1
2024-03-28,47124.6,1
2024-04-01,47578.25,1
2024-04-02,47545.45,1
2024-04-03,47624.25,-1
2024-04-04,48060.8,1
2024-04-05,48493.05,1
2024-04-08,48581.7,1
2024-04-09,48730.55,1
2024-04-10,48986.6,1
2024-04-12,48564.55,-1
2024-04-15,47773.25,-1
2024-04-16,47484.8,-1
2024-04-18,47069.45,-1
2024-04-19,47574.15,-1
2024-04-22,47924.9,1
2024-04-23,47970.45,1
2024-04-24,48189,1
2024-04-25,48494.95,-1
2024-04-26,48201.05,1
2024-04-29,49424.05,1
2024-04-30,49396.75,1
2024-05-02,49231.05,1
2024-05-03,48923.55,-1
2024-05-06,48895.3,-1
2024-05-07,48285.35,-1
2024-05-08,48021.1,-1
2024-05-09,47487.9,-1
2024-05-10,47421.1,-1
2024-05-13,47754.1,-1
2024-05-14,47859.45,1
2024-05-15,47687.45,1
2024-05-16,47977.05,1
2024-05-17,48115.65,1
2024-05-21,48048.2,1
2024-05-22,47781.95,-1
2024-05-23,48768.6,1
2024-05-24,48971.65,1
2024-05-27,49281.8,1
2024-05-28,49142.15,1
2024-05-29,48501.35,-1
2024-05-30,48682.35,-1
2024-05-31,48983.95,1
2024-06-03,50979.95,1
2024-06-04,46928.6,-1
2024-06-05,49054.6,-1
2024-06-06,49291.9,-1
2024-06-07,49803.2,1
2024-06-10,49780.9,1
2024-06-11,49705.75,1
2024-06-12,49895.1,0
2024-06-13,49846.7,0
2024-06-14,50002,-1
2024-06-18,50440.9,1
2024-06-19,51398.05,1
2024-06-20,51783.25,1
2024-06-21,51661.45,1
2024-06-24,51703.95,-1
2024-06-25,52606,1
2024-06-26,52870.5,1
2024-06-27,52811.3,1
2024-06-28,52342.25,-1
2024-07-01,52574.75,-1
2024-07-02,52168.1,-1
2024-07-03,53089.25,1
2024-07-04,53103.7,1
2024-07-05,52660.35,-1
2024-07-08,52425.8,-1
2024-07-09,52568.8,-1
2024-07-10,52189.3,-1
2024-07-11,52270.65,-1
2024-07-12,52278.9,1
2024-07-15,52455.9,1
2024-07-16,52396.8,0
2024-07-18,52620.7,1
2024-07-19,52265.6,-1
2024-07-22,52280.4,-1
2024-07-23,51778.3,-1
2024-07-24,51317,-1
2024-07-25,50888.75,-1
2024-07-26,51295.95,-1
2024-07-29,51406.25,1
2024-07-30,51499.3,1
2024-07-31,51553.4,1
2024-08-01,51564,1
2024-08-02,51350.15,-1
2024-08-05,50092.1,-1
2024-08-06,49748.3,-1
2024-08-07,50119,-1
2024-08-08,50156.7,-1
2024-08-09,50484.5,1
2024-08-12,50577.95,1
2024-08-13,49831.85,-1
2024-08-14,49727.3,-1
2024-08-16,50516.9,1
2024-08-19,50368.35,1
2024-08-20,50803.15,1
2024-08-21,50685.55,1
2024-08-22,50985.7,1
2024-08-23,50933.45,1
2024-08-26,51148.1,1
2024-08-27,51278.75,1
2024-08-28,51143.85,0
2024-08-29,51152.75,0
2024-08-30,51351,1
2024-09-02,51439.55,1
2024-09-03,51689.1,-1
2024-09-04,51400.25,-1
2024-09-05,51473.05,-1
2024-09-06,50576.85,-1
2024-09-09,51117.8,-1
2024-09-10,51272.3,-1
2024-09-11,51010,1
2024-09-12,51772.4,1
2024-09-13,51938.05,1
2024-09-16,52153.15,1
2024-09-17,52188.65,1
2024-09-18,52750.4,1
2024-09-19,53037.6,1
2024-09-20,53793.2,1
2024-09-23,54105.8,1
2024-09-24,53968.6,1
2024-09-25,54101.65,1
2024-09-26,54375.35,1
2024-09-27,53834.3,-1
2024-09-30,52978.1,-1
2024-10-01,52922.6,-1
2024-10-03,51845.2,-1
2024-10-04,51462.05,-1
2024-10-07,50478.9,-1
2024-10-08,51021,-1
2024-10-09,51007,-1
2024-10-10,51530.9,0
2024-10-11,51172.3,0
2024-10-14,51816.9,1
2024-10-15,51906,1
2024-10-16,51801.05,1
2024-10-17,51288.8,-1
2024-10-18,52094.2,1
2024-10-21,51962.7,1
2024-10-22,51257.15,1
2024-10-23,51239,-1
2024-10-24,51531.15,-1
2024-10-25,50787.45,-1
2024-10-28,51259.3,-1
2024-10-29,52320.7,1
2024-10-30,51807.5,1
2024-10-31,51475.35,1
2024-11-01,51673.9,0
2024-11-04,51215.25,-1
2024-11-05,52207.25,1
2024-11-06,52317.4,1
2024-11-07,51916.5,1
2024-11-08,51561.2,-1
2024-11-11,51876.75,-1
2024-11-12,51157.8,-1
2024-11-13,50088.35,-1
2024-11-14,50179.55,-1
2024-11-18,50363.8,-1
2024-11-19,50626.5,1
2024-11-21,50372.9,-1
2024-11-22,51135.4,1
2024-11-25,52207.5,1
2024-11-26,52191.5,1
2024-11-27,52301.8,1
2024-11-28,51906.85,-1
2024-11-29,52055.6,-1
2024-12-02,52109,-1
2024-12-03,52695.75,1
2024-12-04,53266.9,1
2024-12-05,53603.55,1
2024-12-06,53509.5,1
2024-12-09,53407.75,1
2024-12-10,53577.7,1
2024-12-11,53391.35,-1
2024-12-12,53216.45,-1
2024-12-13,53583.8,1
2024-12-16,53581.35,1
2024-12-17,52834.8,1
2024-12-18,52139.55,-1
2024-12-19,51575.7,-1
2024-12-20,50759.2,-1
2024-12-23,51317.6,-1
2024-12-24,51233,-1
2024-12-26,51170.7,1
2024-12-27,51311.3,1
2024-12-30,50952.75,-1
2024-12-31,50860.2,-1
2025-01-01,51060.6,-1
2025-01-02,51605.55,1
2025-01-03,50988.8,1
2025-01-06,49922,-1
2025-01-07,50202.15,-1
2025-01-08,49835.05,-1
2025-01-09,49503.5,-1
2025-01-10,48734.15,-1
2025-01-13,48041.25,-1
2025-01-14,48729.15,-1
2025-01-15,48751.7,1
2025-01-16,49278.7,1
2025-01-17,48540.6,-1
2025-01-20,49350.8,1
2025-01-21,48570.9,1
2025-01-22,48724.4,-1
2025-01-23,48589,-1
2025-01-24,48367.8,0
2025-01-27,48064.65,-1
2025-01-28,48866.85,1
2025-01-29,49165.95,1
2025-01-30,49311.95,1
2025-01-31,49587.2,1
2025-02-03,49210.55,-1
2025-02-04,50157.95,1
2025-02-05,50343.05,1
2025-02-06,50382.1,1
2025-02-07,50158.85,-1
2025-02-10,49981,-1
2025-02-11,49403.4,-1
2025-02-12,49479.45,-1
2025-02-13,49359.85,-1
2025-02-14,49099.45,-1
2025-02-17,49258.9,-1
2025-02-18,49087.3,-1
2025-02-19,49570.1,1
2025-02-20,49334.55,1
2025-02-21,48981.2,-1
2025-02-24,48651.95,-1
2025-02-25,48608.35,-1
2025-02-27,48743.8,1
2025-02-28,48344.7,-1
2025-03-03,48114.3,-1
2025-03-04,48245.2,0
2025-03-05,48489.95,1
2025-03-06,48627.7,1
2025-03-07,48497.5,1
2025-03-10,48216.8,-1
2025-03-11,47853.95,-1
2025-03-12,48056.65,-1
2025-03-13,48060.4,1
2025-03-17,48354.15,1
2025-03-18,49314.5,1
2025-03-19,49702.6,1
2025-03-20,50062.85,1
2025-03-21,50593.55,1
2025-03-24,51704.95,1
2025-03-25,51607.95,1
2025-03-26,51209,1
2025-03-27,51575.85,-1
2025-03-28,51564.85,-1
2025-04-01,50827.5,-1
2025-04-02,51348.05,-1
2025-04-03,51597.35,-1
2025-04-04,51502.7,1
2025-04-07,49860.1,-1
2025-04-08,50511,-1
2025-04-09,50240.15,0
2025-04-11,51002.35,1
2025-04-15,52379.5,1
2025-04-16,53117.75,1
2025-04-17,54290.2,1
2025-04-21,55304.5,1
2025-04-22,55647.2,1
2025-04-23,55370.05,1
2025-04-24,55201.4,-1
2025-04-25,54664.05,-1
2025-04-28,55432.8,1
2025-04-29,55391.25,1
2025-04-30,55087.15,1
2025-05-02,55115.35,0
2025-05-05,54919.5,0
2025-05-06,54271.4,-1
2025-05-07,54610.9,-1
2025-05-08,54365.65,-1
2025-05-09,53595.25,-1
2025-05-12,55382.85,1
2025-05-13,54940.85,1
2025-05-14,54801.3,-1
2025-05-15,55355.6,-1
2025-05-16,55354.9,0
2025-05-19,55420.7,1
2025-05-20,54877.35,-1
2025-05-21,55075.1,-1
2025-05-22,54941.3,-1
2025-05-23,55398.25,1
2025-05-26,55572,1
2025-05-27,55352.8,1
2025-05-28,55417,0
2025-05-29,55546.05,0
2025-05-30,55749.7,1
2025-06-02,55903.4,1
2025-06-03,55599.95,1
2025-06-04,55676.85,1
2025-06-05,55760.85,0
2025-06-06,56578.4,1
2025-06-09,56839.6,1
2025-06-10,56629.1,1
2025-06-11,56459.75,-1
2025-06-12,56082.55,-1
2025-06-13,55527.35,-1
2025-06-16,55944.9,-1
2025-06-17,55714.15,1
2025-06-18,55828.75,1
2025-06-19,55577.45,-1
2025-06-20,56252.85,1
2025-06-23,56059.35,1
2025-06-24,56461.9,1
2025-06-25,56621.15,1
2025-06-26,57206.7,1
2025-06-27,57443.9,1
2025-06-30,57312.75,1
2025-07-01,57459.45,1
2025-07-02,56999.2,-1
2025-07-03,56791.95,-1
2025-07-04,57031.9,-1
2025-07-07,56949.2,-1
2025-07-08,57256.3,1
2025-07-09,57213.55,1
2025-07-10,56956,-1
2025-07-11,56754.7,-1
2025-07-14,56765.35,-1
2025-07-15,57006.65,1
2025-07-16,57168.95,1
2025-07-17,56828.8,1
2025-07-18,56283,-1
2025-07-21,56952.75,-1
2025-07-22,56756,1
2025-07-23,57210.45,1
2025-07-24,57066.05,1
2025-07-25,56528.9,-1
2025-07-28,56084.9,-1
2025-07-29,56222,-1
2025-07-30,56150.7,-1
2025-07-31,55961.95,1
2025-08-01,55617.6,1
2025-08-04,55619.35,-1
2025-08-05,55360.25,-1
2025-08-06,55411.15,-1
2025-08-07,55521.15,-1
2025-08-08,55004.9,-1
2025-08-11,55510.75,-1
2025-08-12,55043.7,-1
2025-08-13,55181.45,-1
2025-08-14,55341.85,-1
2025-08-18,55734.9,1
2025-08-19,55865.15,1
2025-08-20,55698.5,-1
2025-08-21,55755.45,1
2025-08-22,55149.4,-1
2025-08-25,55139.3,-1
2025-08-26,54450.45,-1
2025-08-28,53820.35,-1
2025-08-29,53655.65,-1
2025-09-01,54002.45,-1
2025-09-02,53661,1
2025-09-03,54067.55,-1
2025-09-04,54075.45,1
2025-09-05,54114.55,1
2025-09-08,54186.9,1
2025-09-09,54216.1,1
2025-09-10,54536,1
2025-09-11,54669.6,1
2025-09-12,54809.3,1
2025-09-15,54887.85,1
2025-09-16,55147.6,1
2025-09-17,55493.3,1
2025-09-18,55727.45,1
2025-09-19,55458.85,1
2025-09-22,55284.75,-1
2025-09-23,55509.75,-1
2025-09-24,55121.5,-1
2025-09-25,54976.2,-1
2025-09-26,54389.35,-1
2025-09-29,54461,-1
2025-09-30,54635.85,-1
2025-10-01,55347.95,1
2025-10-03,55589.25,1
2025-10-06,56104.85,1
2025-10-07,56239.35,1
2025-10-08,56018.25,1
2025-10-09,56192.05,0
2025-10-10,56609.75,1
2025-10-13,56625,1
2025-10-14,56496.45,1
2025-10-15,56799.9,1
2025-10-16,57422.55,1
2025-10-17,57713.35,1
2025-10-20,58033.2,1
2025-10-21,58007.2,1
2025-10-23,58078.05,1
2025-10-24,57699.6,-1
2025-10-27,58114.25,-1
2025-10-28,58214.1,1
2025-10-29,58385.25,1
2025-10-30,58031.1,1
2025-10-31,57776.35,-1
2025-11-03,58101.45,-1
2025-11-04,57827.05,-1
2025-11-06,57554.25,-1
2025-11-07,57876.8,-1
2025-11-10,57937.55,1
2025-11-11,58138.15,1
2025-11-12,58274.65,1
2025-11-13,58381.95,1
2025-11-14,58517.55,-1
2025-11-17,58962.7,1
2025-11-18,58899.25,1
2025-11-19,59216.05,1
2025-11-20,59347.7,1
2025-11-21,58867.7,1
2025-11-24,58835.35,-1
2025-11-25,58820.3,-1
2025-11-26,59528.05,1
2025-11-27,59737.3,1
2025-11-28,59752.7,1
2025-12-01,59681.35,1
2025-12-02,59273.8,-1
2025-12-03,59348.25,-1
2025-12-04,59288.7,-1
2025-12-05,59777.2,1
2025-12-08,59238.55,-1
2025-12-09,59222.35,-1
2025-12-10,58960.4,-1
2025-12-11,59209.85,-1
2025-12-12,59389.95,1
2025-12-15,59461.8,1
2025-12-16,59034.6,-1
2025-12-17,58926.75,-1
2025-12-18,58912.85,-1
2025-12-19,59069.2,0
2025-12-22,59304,1
2025-12-23,59299.55,1
2025-12-24,59183.6,-1
2025-12-26,59011.35,-1
2025-12-29,58932.35,-1
2025-12-30,59171.25,1
2025-12-31,59581.85,1
