symbol,timeframe,trading_range,order_size,point_value,commission,slippage,initial_capital,total_trades,percent_profitable,net_profit_inr,net_profit_frac,gross_profit_inr,gross_loss_inr,commission_paid_inr,max_drawdown_inr,max_drawdown_frac,buy_hold_inr,profit_factor,sharpe,sortino,avg_pnl_inr,avg_win_inr,avg_loss_inr,largest_loss_inr,avg_bars,trades_listed,same_bar_trades,file
NSE:ADANIENT1!,15 minutes,"Jan 05, 2022, 14:45 — Apr 11, 2025, 15:15",10 contracts,300,0.02,0 ticks,1000000,1529,0.826,12598122.84,12.5981,15317549.7,2719426.86,2014877.16,227023.38,0.0703,36775620,5.633,0.57,5.48,8239.45,12127.91,10223.41,101206.5,1,1529,1322,NSE_FT_INTRADAY_NSE_ADANIENT1!_2025-04-11.xlsx
NSE:ADANIPORTS1!,15 minutes,"Jan 05, 2022, 09:45 — Apr 11, 2025, 15:15",10 contracts,400,0.02,0 ticks,1000000,504,0.8472,4017105.28,4.0171,4952571.8,935466.52,782494.72,63753.12,0.0307,498780,5.294,1.224,20.139,7970.45,11598.53,12148.92,48792.52,1,504,450,NSE_FT_INTRADAY_NSE_ADANIPORTS1!_2025-04-13.xlsx
NSE:APOLLOHOSP1!,15 minutes,"Jan 04, 2022, 09:45 — Apr 11, 2025, 15:15",10 contracts,125,0.02,0 ticks,1000000,462,0.8052,4142272.2,4.1423,5341316.16,1199043.96,1234477.8,78148.74,0.0417,228975,4.455,0.743,14.639,8965.96,14358.38,13322.71,76527.55,1,462,406,NSE_FT_INTRADAY_NSE_APOLLOHOSP1!_2025-04-13.xlsx
NSE:ASIANPAINT1!,15 minutes,"Jan 04, 2022, 10:15 — Apr 11, 2025, 15:15",10 contracts,200,0.02,0 ticks,1000000,438,0.7717,2617930,2.6179,3639633.54,1021703.54,1057870,247946.22,0.0652,-212630,3.562,0.875,3.023,5977.01,10768.15,10217.04,206745.18,1,438,396,NSE_FT_INTRADAY_NSE_ASIANPAINT1!_2025-04-13.xlsx
NSE:AUROPHARMA1!,15 minutes,"Jan 05, 2022, 09:45 — Apr 11, 2025, 15:15",10 contracts,550,0.02,0 ticks,1000000,452,0.7965,3729539.88,3.7295,4922744.86,1193204.98,861310.12,85316.93,0.0309,403645,4.126,1.028,22.846,8251.19,13674.29,12969.62,56157.81,1,452,398,NSE_FT_INTRADAY_NSE_AUROPHARMA1!_2025-04-13.xlsx
NSE:AXISBANK1!,15 minutes,"Jan 05, 2022, 10:15 — Apr 11, 2025, 15:15",10 contracts,625,0.02,0 ticks,1000000,457,0.8337,4046126.75,4.0461,4742029.25,695902.5,1107623.25,102296.13,0.0678,436812.5,6.814,1.283,5.537,8853.67,12446.27,9156.61,92634.44,1,457,417,NSE_FT_INTRADAY_NSE_AXISBANK1!_2025-04-13.xlsx
NSE:BANKNIFTY1!,15 minutes,"Jan 05, 2022, 10:15 — Apr 11, 2025, 15:15",10 contracts,30,0.02,0 ticks,1000000,1524,0.7552,12714486.38,12.7145,15959949.74,3245463.36,5732123.62,132756.71,0.0346,994800,4.918,0.947,14.066,8342.84,13866.16,8700.97,125105.28,1,1524,1411,NSE_FT_INTRADAY_NSE_BANKNIFTY1!_2025-04-11.xlsx
NSE:BHARTIARTL1!,15 minutes,"Jan 04, 2022, 15:15 — Apr 11, 2025, 15:15",10 contracts,475,0.02,0 ticks,1000000,455,0.7956,2755268.66,2.7553,3488018.62,732749.96,920281.34,93347.62,0.0349,1515131.25,4.76,1.242,8.887,6055.54,9635.41,7879.03,52065.98,1,455,407,NSE_FT_INTRADAY_NSE_BHARTIARTL1!_2025-04-13.xlsx
NSE:CHOLAFIN1!,15 minutes,"Jan 05, 2022, 09:45 — Apr 11, 2025, 15:15",10 contracts,625,0.02,0 ticks,1000000,483,0.8282,5436015.94,5.436,7036773.94,1600758,1247421.56,238718.94,0.0517,1137375,4.396,1.486,20.155,11254.69,17591.93,19286.24,124214.37,1,483,412,NSE_FT_INTRADAY_NSE_CHOLAFIN1!_2025-04-13.xlsx
NSE:CUMMINSIND1!,15 minutes,"Jan 04, 2022, 12:30 — Apr 11, 2025, 15:15",10 contracts,150,0.02,0 ticks,1000000,542,0.8395,3307546.84,3.3075,4061179.08,753632.23,685828.15,55992.14,0.027,1674540,5.389,1.377,14.989,6102.48,8925.67,8662.44,54962.7,1,542,469,NSE_FT_INTRADAY_NSE_CUMMINSIND1!_2025-04-13.xlsx
NSE:DRREDDY1!,15 minutes,"Jan 04, 2022, 15:15 — Apr 11, 2025, 15:15",10 contracts,625,0.02,0 ticks,1000000,468,0.797,3717955.56,3.718,4860211.13,1142255.56,1247356.94,106493.38,0.049,84031.25,4.255,1.209,92.033,7944.35,13030.06,12023.74,106493.38,1,468,413,NSE_FT_INTRADAY_NSE_DRREDDY1!_2025-04-13.xlsx
NSE:EICHERMOT1!,15 minutes,"Jan 05, 2022, 09:45 — Apr 11, 2025, 15:15",10 contracts,175,0.02,0 ticks,1000000,430,0.8116,4353425.41,4.3534,5675768.07,1322342.67,1139124.6,110165.07,0.0437,917385,4.292,1.244,26.63,10124.25,16262.95,16325.22,65737.56,1,430,389,NSE_FT_INTRADAY_NSE_EICHERMOT1!_2025-04-13.xlsx
NSE:GODREJPROP1!,15 minutes,"Jan 04, 2022, 13:45 — Apr 11, 2025, 15:15",10 contracts,225,0.02,0 ticks,1000000,497,0.831,5041947.8,5.0419,6059614.81,1017667.01,842139.7,178111.46,0.0772,31972.5,5.954,1.319,12.917,10144.76,14672.19,12115.08,77050.84,1,497,429,NSE_FT_INTRADAY_NSE_GODREJPROP1!_2025-04-13.xlsx
NSE:GRASIM1!,15 minutes,"Jan 05, 2022, 11:30 — Apr 11, 2025, 15:15",10 contracts,250,0.02,0 ticks,1000000,482,0.8071,3345004.4,3.345,4365022.43,1020018.02,975745.6,90927.53,0.0431,471275,4.279,1.133,28.901,6939.84,11221.14,10967.94,44494.95,1,482,409,NSE_FT_INTRADAY_NSE_GRASIM1!_2025-04-13.xlsx
NSE:HAVELLS1!,15 minutes,"Jan 05, 2022, 12:45 — Apr 11, 2025, 15:15",10 contracts,500,0.02,0 ticks,1000000,505,0.802,5482843.65,5.4828,7310772.4,1827928.75,1435406.35,223343.05,0.0503,65675,3.999,1.058,9.794,10857.12,18051.29,18279.29,107611.75,1,505,442,NSE_FT_INTRADAY_NSE_HAVELLS1!_2025-04-13.xlsx
NSE:HEROMOTOCO1!,15 minutes,"Jan 11, 2022, 14:45 — Apr 11, 2025, 15:15",10 contracts,150,0.02,0 ticks,1000000,441,0.7959,3567646.85,3.5676,4470748.28,903101.43,938878.15,86985.38,0.0401,327795,4.95,1.351,10.159,8089.9,12737.17,10034.46,44547.7,1,441,397,NSE_FT_INTRADAY_NSE_HEROMOTOCO1!_2025-04-13.xlsx
NSE:HINDUNILVR1!,15 minutes,"Jan 04, 2022, 09:45 — Apr 11, 2025, 15:15",10 contracts,300,0.02,0 ticks,1000000,473,0.7717,3978307.98,3.9783,4779343.74,801035.76,1401892.02,57669.09,0.0277,-2280,5.966,1.128,35.562,8410.8,13094.09,7417,50051.25,1,473,431,NSE_FT_INTRADAY_NSE_HINDUNILVR1!_2025-04-13.xlsx
NSE:INDIGO1!,15 minutes,"Jan 04, 2022, 11:00 — Apr 11, 2025, 15:15",10 contracts,150,0.02,0 ticks,1000000,466,0.8283,3467456.46,3.4675,4275629.85,808173.39,788493.54,75866.66,0.0516,1401300,5.29,1.534,105.68,7440.89,11076.76,10102.17,71658.74,1,466,407,NSE_FT_INTRADAY_NSE_INDIGO1!_2025-04-13.xlsx
NSE:INDUSINDBK1!,15 minutes,"Jan 05, 2022, 10:15 — Apr 11, 2025, 15:15",10 contracts,500,0.02,0 ticks,1000000,453,0.8609,4577968.95,4.578,5594193.35,1016224.4,1110281.05,86172.75,0.077,-212400,5.505,1.197,14.976,10105.89,14344.09,16130.55,75936,1,453,405,NSE_FT_INTRADAY_NSE_INDUSINDBK1!_2025-04-13.xlsx
NSE:JINDALSTEL1!,15 minutes,"Jan 04, 2022, 10:00 — Apr 11, 2025, 15:15",10 contracts,625,0.02,0 ticks,1000000,473,0.8626,3797031.81,3.797,5048676.44,1251644.62,791405.69,142795.88,0.035,1045625,4.034,1.109,8.371,8027.55,12374.21,19256.07,65276.19,1,473,409,NSE_FT_INTRADAY_NSE_JINDALSTEL1!_2025-04-13.xlsx
NSE:JUBLFOOD1!,15 minutes,"Jan 05, 2022, 09:45 — Apr 11, 2025, 15:15",10 contracts,1250,0.02,0 ticks,1000000,454,0.8084,9288207.88,9.2882,12016137.25,2727929.37,1708667.13,606473.75,0.1766,-3637625,4.405,0.295,129.923,20458.61,32741.52,31355.51,345802,1,454,396,NSE_FT_INTRADAY_NSE_JUBLFOOD1!_2025-04-13.xlsx
NSE:KOTAKBANK1!,15 minutes,"Jan 04, 2022, 10:15 — Apr 11, 2025, 15:15",10 contracts,400,0.02,0 ticks,1000000,434,0.7903,3640244.08,3.6402,4814950.52,1174706.44,1267355.92,239622.76,0.0601,107840,4.099,0.642,5.321,8387.66,14037.76,12908.86,204936,1,434,390,NSE_FT_INTRADAY_NSE_KOTAKBANK1!_2025-04-13.xlsx
NSE:LICHSGFIN1!,15 minutes,"Jan 06, 2022, 14:45 — Apr 11, 2025, 15:15",10 contracts,1000,0.02,0 ticks,1000000,503,0.7376,4422816.4,4.4228,5897080.4,1474264,990183.6,131339.2,0.0564,358300,4,1.054,11.192,8792.88,15895.1,11168.67,86614,1,503,425,NSE_FT_INTRADAY_NSE_LICHSGFIN1!_2025-04-13.xlsx
NSE:LUPIN1!,15 minutes,"Jan 04, 2022, 14:45 — Apr 11, 2025, 15:15",10 contracts,425,0.02,0 ticks,1000000,516,0.7926,3819583.67,3.8196,5232747.26,1413163.59,1114028.83,160468.91,0.0332,884042.5,3.703,1.484,8.101,7402.29,12794,13207.14,94547.71,1,516,456,NSE_FT_INTRADAY_NSE_LUPIN1!_2025-04-13.xlsx
NSE:MARUTI1!,15 minutes,"Jan 05, 2022, 12:15 — Apr 11, 2025, 15:15",10 contracts,50,0.02,0 ticks,1000000,505,0.7861,3220522.37,3.2205,4099476.86,878954.49,1026927.63,88238.97,0.0341,385270,4.664,0.989,10.013,6377.27,10326.14,8138.47,75193.6,1,505,458,NSE_FT_INTRADAY_NSE_MARUTI1!_2025-04-13.xlsx
NSE:M_M1!,15 minutes,"Jan 06, 2022, 09:45 — Apr 11, 2025, 15:15",10 contracts,175,0.02,0 ticks,1000000,450,0.8578,2546957.61,2.547,2978006.52,431048.91,557279.89,49169,0.0273,1859655,6.909,1.297,11.007,5659.91,7715.04,6735.14,43383.34,1,450,409,NSE_FT_INTRADAY_NSE_M_M1!_2025-04-13.xlsx
NSE:NIFTY1!,15 minutes,"Jan 10, 2022, 15:15 — Apr 11, 2025, 15:15",10 contracts,75,0.02,0 ticks,1000000,1394,0.7109,9013168.36,9.0132,11471056.53,2457888.16,5727106.63,112111.41,0.0284,1134435,4.667,0.956,8.719,6465.69,11575.23,6098.98,83159.26,1,1394,1283,NSE_FT_INTRADAY_NSE_NIFTY1!_2025-04-11.xlsx
NSE:PEL1!,15 minutes,"Jan 05, 2022, 10:00 — Apr 11, 2025, 15:15",10 contracts,750,0.02,0 ticks,1000000,514,0.8288,7406720.62,7.4067,10277131.65,2870411.03,1487904.37,242985.9,0.18,-358537.5,3.58,1.275,65.231,14409.96,24124.72,32618.31,170062.42,1,514,434,NSE_FT_INTRADAY_NSE_PEL1!_2025-04-13.xlsx
NSE:RELIANCE1!,15 minutes,"Jan 10, 2022, 10:45 — Apr 11, 2025, 15:15",10 contracts,500,0.02,0 ticks,1000000,456,0.8114,2828772.25,2.8288,3769466.2,940693.95,1139977.75,74634.9,0.0448,57325,4.007,1.042,8.784,6203.45,10187.75,10938.3,63669.95,1,456,422,NSE_FT_INTRADAY_NSE_RELIANCE1!_2025-04-13.xlsx
NSE:SBIN1!,15 minutes,"Jan 05, 2022, 14:45 — Apr 11, 2025, 15:15",10 contracts,750,0.02,0 ticks,1000000,472,0.7818,3512831.33,3.5128,4226554.65,713723.33,911043.68,57452.92,0.0352,389325,5.922,0.885,51.417,7442.44,11454.08,6929.35,40243.57,1,472,447,NSE_FT_INTRADAY_NSE_SBIN1!_2025-04-13.xlsx
NSE:SUNPHARMA1!,15 minutes,"Jan 04, 2022, 09:45 — Apr 11, 2025, 15:15",10 contracts,350,0.02,0 ticks,1000000,492,0.7988,2516090.67,2.5161,3243884.6,727793.92,847934.33,69353.93,0.031,888877.5,4.457,1.126,6.544,5114.01,8254.16,7351.45,32370.91,1,492,435,NSE_FT_INTRADAY_NSE_SUNPHARMA1!_2025-04-13.xlsx
NSE:TATACHEM1!,15 minutes,"Jan 05, 2022, 14:45 — Apr 11, 2025, 15:15",10 contracts,550,0.02,0 ticks,1000000,465,0.8366,5751025.78,5.751,6742383.67,991357.89,1038449.22,104977.79,0.0617,-46007.5,6.801,1.112,60.731,12367.8,17332.61,13044.18,51265.34,1,465,406,NSE_FT_INTRADAY_NSE_TATACHEM1!_2025-04-13.xlsx
NSE:TCS1!,15 minutes,"Jan 04, 2022, 14:15 — Apr 11, 2025, 15:15",10 contracts,175,0.02,0 ticks,1000000,430,0.807,3061235.4,3.0612,3832101.46,770866.06,1103502.1,149171.57,0.1133,-110136.25,4.971,1.397,18.867,7119.15,11043.52,9287.54,110294.57,1,430,389,NSE_FT_INTRADAY_NSE_TCS1!_2025-04-13.xlsx
NSE:TECHM1!,15 minutes,"Jan 04, 2022, 12:45 — Apr 11, 2025, 15:15",10 contracts,600,0.02,0 ticks,1000000,438,0.8082,4731886.74,4.7319,6465978.42,1734091.68,1384213.26,127739.16,0.0712,-313320,3.729,0.796,10.266,10803.39,18265.48,20643.95,110320.98,1,438,386,NSE_FT_INTRADAY_NSE_TECHM1!_2025-04-13.xlsx
NSE:TVSMOTOR1!,15 minutes,"Jan 05, 2022, 14:45 — Apr 11, 2025, 15:15",10 contracts,350,0.02,0 ticks,1000000,476,0.834,3760243.93,3.7602,5248822.49,1488578.56,1051031.06,178239.42,0.0417,2646070,3.526,1.172,5.469,7899.67,13221.22,18842.77,77291.97,1,476,404,NSE_FT_INTRADAY_NSE_TVSMOTOR1!_2025-04-13.xlsx
NSE:VOLTAS1!,15 minutes,"Jan 04, 2022, 12:00 — Apr 11, 2025, 15:15",10 contracts,300,0.02,0 ticks,1000000,461,0.8395,2996130.93,2.9961,3591759.57,595628.64,627119.07,59900.58,0.0268,26550,6.03,1.213,24.013,6499.2,9281.03,8049.04,50973.69,1,461,416,NSE_FT_INTRADAY_NSE_VOLTAS1!_2025-04-13.xlsx
